index,date,week,team,opp,crew,points,oYards,pYards,pCount,won,tDiff,penDiff,ptsDiff,ydsDiff,home,tie
1,1/1/2023,17,ATL,ARI,Alex Kemp,20,298,70,5,1,1,-3,1,-41,1,0
2,1/1/2023,17,DET,CHI,Adrian Hill,41,504,42,6,1,-2,3,31,274,1,0
3,1/1/2023,17,GB,MIN,Carl Cheffers,41,315,30,3,1,-4,-3,24,-31,1,0
4,1/1/2023,17,KC,DEN,Tra Blake,27,374,31,5,1,0,2,3,67,1,0
5,1/1/2023,17,LAC,LAR,Clete Blakeman,31,431,19,2,1,-1,-1,21,154,1,0
6,1/1/2023,17,NE,MIA,Brad Allen,23,249,39,6,1,-2,-3,2,-84,1,0
7,1/1/2023,17,NYG,IND,Craig Wrolstad,38,394,20,3,1,0,-4,28,142,1,0
8,1/1/2023,17,SEA,NYJ,Ron Torbert,23,346,25,5,1,-3,3,17,67,1,0
9,1/1/2023,17,TB,CAR,Brad Rogers,30,478,51,8,1,-2,0,6,78,1,0
10,1/7/2023,18,JAX,TEN,Bill Vinovich,20,222,25,4,1,-1,-2,4,-90,1,0
11,1/7/2024,18,CIN,CLE,Alan Eck,31,328,10,1,1,-1,-6,17,84,1,0
12,1/7/2024,18,DET,MIN,Brad Rogers,30,381,20,4,1,-2,-4,10,-67,1,0
13,1/7/2024,18,GB,CHI,Carl Cheffers,17,432,5,1,1,1,0,8,240,1,0
14,1/7/2024,18,LV,DEN,Shawn Hochuli,27,359,0,0,1,-1,-4,13,73,1,0
15,1/7/2024,18,NO,ATL,John Hussey,48,400,15,3,1,-3,-5,31,11,1,0
16,1/7/2024,18,NYG,PHI,Craig Wrolstad,27,415,21,3,1,-3,1,17,116,1,0
17,1/7/2024,18,TEN,JAX,Tra Blake,28,327,29,5,1,-1,-1,8,-35,1,0
18,1/8/2023,18,ATL,TB,Land Clark,30,382,18,2,1,0,-1,13,160,1,0
19,1/8/2023,18,BUF,NE,Clay Martin,35,327,20,2,1,0,0,12,-14,1,0
20,1/8/2023,18,CIN,BAL,Ron Torbert,27,257,35,3,1,-3,-2,11,-129,1,0
21,1/8/2023,18,DEN,LAC,Shawn Hochuli,31,471,36,3,1,0,-2,3,119,1,0
22,1/8/2023,18,MIA,NYJ,John Hussey,11,302,47,5,1,0,-1,5,115,1,0
23,1/8/2023,18,PHI,NYG,Carl Cheffers,22,342,30,4,1,1,-4,6,58,1,0
24,1/8/2023,18,PIT,CLE,Clete Blakeman,28,333,20,4,1,-1,-5,14,26,1,0
25,1/8/2023,18,SEA,LAR,Craig Wrolstad,19,402,20,4,1,1,1,3,133,1,0
26,1/8/2023,18,SF,ARI,Adrian Hill,38,311,10,2,1,-4,-5,25,56,1,0
27,1/8/2023,18,WAS,DAL,Tra Blake,26,309,10,2,1,-1,-4,20,127,1,0
28,10/1/2023,4,BUF,MIA,Adrian Hill,48,414,20,4,1,-2,-4,28,21,1,0
29,10/1/2023,4,DAL,NE,Scott Novak,38,377,32,5,1,-3,-1,35,124,1,0
30,10/1/2023,4,HOU,PIT,Bill Vinovich,30,451,63,8,1,-1,6,24,226,1,0
31,10/1/2023,4,JAX,ATL,Craig Wrolstad,23,300,25,3,1,-3,0,16,13,1,0
32,10/1/2023,4,LAC,LV,John Hussey,24,305,34,4,1,-2,-5,7,41,1,0
33,10/1/2023,4,PHI,WAS,Ron Torbert,34,415,81,11,1,0,4,3,50,1,0
34,10/1/2023,4,SF,ARI,Clete Blakeman,35,395,21,4,1,0,-5,19,33,1,0
35,10/1/2023,4,TEN,CIN,Shawn Smith,27,400,27,5,1,0,0,24,189,1,0
36,10/10/2022,5,KC,LV,Carl Cheffers,30,368,72,5,1,0,-6,1,-10,1,0
37,10/12/2023,6,KC,DEN,Shawn Hochuli,19,389,84,7,1,-2,4,11,192,1,0
38,10/15/2023,6,BUF,NYG,Tra Blake,14,297,51,7,1,2,-2,5,-20,1,0
39,10/15/2023,6,CIN,SEA,Adrian Hill,17,214,43,5,1,-1,-2,4,-170,1,0
40,10/15/2023,6,CLE,SF,John Hussey,19,334,119,13,1,1,1,2,119,1,0
41,10/15/2023,6,HOU,NO,Alan Eck,20,297,29,3,1,-1,-4,7,-133,1,0
42,10/15/2023,6,JAX,IND,Alex Kemp,37,233,25,5,1,-3,-1,17,-121,1,0
43,10/15/2023,6,LAR,ARI,Ron Torbert,26,382,59,6,1,-1,1,17,37,1,0
44,10/15/2023,6,LV,NE,Brad Rogers,21,348,42,6,1,0,-4,4,89,1,0
45,10/15/2023,6,MIA,CAR,Craig Wrolstad,42,424,25,3,1,1,0,21,128,1,0
46,10/15/2023,6,NYJ,PHI,Scott Novak,20,244,68,9,1,-4,4,6,-104,1,0
47,10/16/2022,6,ATL,SF,Carl Cheffers,28,289,40,5,1,-3,0,14,-57,1,0
48,10/16/2022,6,IND,JAX,Jerome Boger,34,434,52,7,1,-1,3,7,55,1,0
49,10/16/2022,6,LAR,CAR,Tra Blake,24,360,49,7,1,0,4,14,157,1,0
50,10/16/2022,6,NYG,BAL,Clay Martin,24,238,25,3,1,-1,-7,4,-168,1,0
51,10/16/2022,6,PHI,DAL,John Hussey,26,268,10,2,1,-3,-8,9,-47,1,0
52,10/16/2022,6,PIT,TB,Shawn Smith,20,270,45,7,1,0,1,2,-34,1,0
53,10/16/2022,6,SEA,ARI,Shawn Hochuli,19,296,44,6,1,-1,0,10,-19,1,0
54,10/17/2022,6,LAC,DEN,Ron Torbert,19,297,89,9,1,0,-1,3,39,1,0
55,10/2/2022,4,ATL,CLE,Craig Wrolstad,23,333,15,1,1,-1,-6,3,-70,1,0
56,10/2/2022,4,DAL,WAS,Shawn Smith,25,279,20,4,1,-2,-7,15,-18,1,0
57,10/2/2022,4,GB,NE,Adrian Hill,27,443,40,4,1,1,-3,3,172,1,0
58,10/2/2022,4,LV,DEN,Land Clark,32,385,25,4,1,-1,-3,9,86,1,0
59,10/2/2022,4,NYG,CHI,Carl Cheffers,20,333,55,7,1,-1,2,8,29,1,0
60,10/2/2022,4,PHI,JAX,Shawn Hochuli,29,401,20,3,1,-4,-1,8,182,1,0
61,10/20/2022,7,ARI,NO,Jerome Boger,42,326,20,4,1,-3,-4,8,-168,1,0
62,10/22/2023,7,BAL,DET,Brad Rogers,38,503,45,4,1,0,-1,32,166,1,0
63,10/22/2023,7,CHI,LV,Clay Martin,30,323,110,9,1,-3,7,18,88,1,0
64,10/22/2023,7,DEN,GB,Alex Kemp,19,339,60,8,1,-1,1,2,8,1,0
65,10/22/2023,7,KC,LAC,Tra Blake,31,483,43,6,1,0,2,14,125,1,0
66,10/22/2023,7,NE,BUF,Clete Blakeman,29,364,59,8,1,-1,-1,4,25,1,0
67,10/22/2023,7,NYG,WAS,John Hussey,14,356,40,4,1,1,-6,7,83,1,0
68,10/22/2023,7,PHI,MIA,Brad Allen,31,355,0,0,1,1,-10,14,111,1,0
69,10/22/2023,7,SEA,ARI,Scott Novak,20,318,32,5,1,3,-2,10,69,1,0
70,10/23/2022,7,BAL,CLE,Shawn Smith,23,254,53,3,1,-1,-3,3,-82,1,0
71,10/23/2022,7,CAR,TB,Craig Wrolstad,21,343,15,3,1,0,-1,18,21,1,0
72,10/23/2022,7,CIN,ATL,Clete Blakeman,35,537,17,5,1,0,2,18,323,1,0
73,10/23/2022,7,DAL,DET,Adrian Hill,24,330,55,7,1,-4,-1,18,18,1,0
74,10/23/2022,7,LV,HOU,John Hussey,38,400,44,5,1,-1,2,18,-4,1,0
75,10/23/2022,7,MIA,PIT,Scott Novak,16,372,30,5,1,-3,0,6,31,1,0
76,10/23/2022,7,TEN,IND,Ron Torbert,19,254,15,2,1,-2,-2,9,-38,1,0
77,10/23/2022,7,WAS,GB,Clay Martin,23,364,54,7,1,0,-2,2,132,1,0
78,10/23/2023,7,MIN,SF,Carl Cheffers,22,452,35,5,1,-2,0,5,127,1,0
79,10/26/2023,8,BUF,TB,Scott Novak,24,427,86,9,1,1,-2,6,125,1,0
80,10/29/2023,8,CAR,HOU,John Hussey,15,224,20,3,1,-1,-7,2,-5,1,0
81,10/29/2023,8,DAL,LAR,Adrian Hill,43,387,21,4,1,0,0,23,107,1,0
82,10/29/2023,8,DEN,KC,Brad Allen,24,240,35,6,1,-4,1,15,-34,1,0
83,10/29/2023,8,LAC,CHI,Brad Rogers,30,352,15,2,1,-1,-5,17,57,1,0
84,10/29/2023,8,MIA,NE,Land Clark,31,390,25,3,1,1,-4,14,172,1,0
85,10/29/2023,8,SEA,CLE,Bill Vinovich,24,362,43,7,1,-1,3,4,-23,1,0
86,10/29/2023,8,TEN,ATL,Clay Martin,28,375,53,6,1,0,3,5,33,1,0
87,10/3/2022,4,SF,LAR,Brad Allen,24,327,25,4,1,-2,3,15,70,1,0
88,10/30/2022,8,ATL,CAR,Shawn Hochuli,37,406,64,7,1,1,-2,3,-72,1,0
89,10/30/2022,8,BUF,GB,Ron Torbert,27,369,35,4,1,1,-4,10,-29,1,0
90,10/30/2022,8,DAL,CHI,Brad Rogers,49,442,41,6,1,0,0,20,71,1,0
91,10/30/2022,8,MIN,ARI,Brad Allen,34,381,86,10,1,-2,0,8,6,1,0
92,10/30/2022,8,NO,LV,Scott Novak,24,367,27,5,1,-1,-1,24,184,1,0
93,10/30/2022,8,PHI,PIT,Clete Blakeman,35,401,60,8,1,-2,-1,22,99,1,0
94,10/30/2022,8,SEA,NYG,Jerome Boger,27,277,25,3,1,-1,-3,14,52,1,0
95,10/30/2023,8,DET,LV,Clete Blakeman,26,486,55,5,1,2,1,12,329,1,0
96,10/31/2022,8,CLE,CIN,Bill Vinovich,32,440,56,6,1,0,4,19,211,1,0
97,10/8/2023,5,ATL,HOU,Shawn Hochuli,21,447,55,7,1,2,2,2,134,1,0
98,10/8/2023,5,DET,CAR,Adrian Hill,42,377,35,5,1,-3,-2,18,35,1,0
99,10/8/2023,5,IND,TEN,Brad Rogers,23,429,55,8,1,-1,4,7,81,1,0
100,10/8/2023,5,MIA,NYG,Ron Torbert,31,524,43,6,1,3,0,15,256,1,0
101,10/8/2023,5,PIT,BAL,Carl Cheffers,17,289,30,3,1,-2,1,7,-46,1,0
102,10/8/2023,5,SF,DAL,Alan Eck,42,421,45,6,1,-3,0,32,224,1,0
103,10/9/2022,5,BAL,CIN,Scott Novak,19,325,48,6,1,0,2,2,34,1,0
104,10/9/2022,5,BUF,PIT,John Hussey,38,552,28,5,1,0,-1,35,188,1,0
105,10/9/2022,5,MIN,CHI,Shawn Hochuli,29,429,70,7,1,0,1,7,158,1,0
106,10/9/2022,5,NE,DET,Craig Wrolstad,29,364,46,6,1,-1,-1,29,52,1,0
107,10/9/2022,5,NO,SEA,Brad Allen,39,438,57,6,1,1,-6,7,42,1,0
108,10/9/2022,5,NYJ,MIA,Clay Martin,40,322,105,5,1,-2,-6,23,27,1,0
109,10/9/2022,5,TB,ATL,Jerome Boger,21,420,45,6,1,0,0,6,159,1,0
110,10/9/2023,5,LV,GB,Brad Allen,17,279,28,4,1,-2,1,4,-6,1,0
111,11/10/2022,10,CAR,ATL,Adrian Hill,25,333,89,10,1,-1,6,10,42,1,0
112,11/12/2023,10,ARI,ATL,Craig Wrolstad,25,352,112,11,1,1,7,2,98,1,0
113,11/12/2023,10,DAL,NYG,Brad Rogers,49,640,83,9,1,1,7,32,468,1,0
114,11/12/2023,10,LV,NYJ,Shawn Hochuli,16,274,25,3,1,1,-5,4,-91,1,0
115,11/12/2023,10,MIN,NO,Adrian Hill,27,388,35,5,1,-2,-4,8,108,1,0
116,11/12/2023,10,PIT,GB,Scott Novak,23,324,27,3,1,-2,-2,4,-75,1,0
117,11/12/2023,10,SEA,WAS,Alex Kemp,29,489,50,8,1,-1,2,3,133,1,0
118,11/12/2023,10,TB,TEN,Alan Eck,20,340,50,7,1,0,2,14,131,1,0
119,11/13/2022,10,GB,DAL,Brad Allen,31,415,40,6,1,0,-3,3,-6,1,0
120,11/13/2022,10,KC,JAX,Brad Rogers,27,486,0,0,1,3,-5,10,171,1,0
121,11/13/2022,10,MIA,CLE,Shawn Hochuli,39,491,43,5,1,-1,-1,22,194,1,0
122,11/13/2022,10,NYG,HOU,Bill Vinovich,24,367,24,5,1,-2,-2,8,-20,1,0
123,11/13/2022,10,PIT,NO,Carl Cheffers,20,379,40,3,1,-2,-7,10,193,1,0
124,11/13/2022,10,SF,LAC,Shawn Smith,22,387,52,5,1,0,4,6,149,1,0
125,11/13/2022,10,TB,SEA,John Hussey,21,419,40,4,1,1,-2,5,136,1,0
126,11/13/2022,10,TEN,DEN,Scott Novak,17,307,60,9,1,0,1,7,-6,1,0
127,11/16/2023,11,BAL,CIN,Adrian Hill,34,405,110,9,1,0,0,14,133,1,0
128,11/19/2023,11,BUF,NYJ,Alan Eck,32,393,77,8,1,-3,3,26,238,1,0
129,11/19/2023,11,CLE,PIT,Shawn Hochuli,13,259,10,1,1,1,-5,3,10,1,0
130,11/19/2023,11,DEN,MIN,Ron Torbert,21,295,48,4,1,-3,-2,1,-90,1,0
131,11/19/2023,11,DET,CHI,Scott Novak,31,338,25,5,1,3,-1,5,4,1,0
132,11/19/2023,11,GB,LAC,John Hussey,23,397,46,7,1,-1,3,3,3,1,0
133,11/19/2023,11,HOU,ARI,Alex Kemp,21,419,19,3,1,1,-2,5,100,1,0
134,11/19/2023,11,JAX,TEN,Brad Rogers,34,389,29,4,1,-2,-3,20,154,1,0
135,11/19/2023,11,LAR,SEA,Carl Cheffers,17,267,92,9,1,0,-3,1,-24,1,0
136,11/19/2023,11,MIA,LV,Bill Vinovich,20,422,44,5,1,0,0,7,126,1,0
137,11/19/2023,11,SF,TB,Craig Wrolstad,27,420,66,7,1,-2,4,13,133,1,0
138,11/2/2023,9,PIT,TEN,John Hussey,20,326,80,10,1,-1,3,4,-14,1,0
139,11/20/2022,11,ATL,CHI,Tra Blake,27,280,13,2,1,1,-5,3,-8,1,0
140,11/20/2022,11,BAL,CAR,Jerome Boger,13,308,93,10,1,-2,1,10,103,1,0
141,11/20/2022,11,BUF,CLE,Adrian Hill,31,357,89,8,1,-1,2,8,-39,1,0
142,11/20/2022,11,NE,NYJ,Carl Cheffers,10,297,55,8,1,0,5,7,194,1,0
143,11/20/2022,11,NO,LAR,Ron Torbert,27,323,15,2,1,0,-4,7,-13,1,0
144,11/23/2023,12,DAL,WAS,Bill Vinovich,45,431,48,7,1,-1,3,35,55,1,0
145,11/24/2022,12,DAL,NYG,Scott Novak,28,430,86,13,1,2,6,8,130,1,0
146,11/24/2022,12,MIN,NE,Alex Kemp,33,358,20,3,1,1,-3,7,-51,1,0
147,11/26/2023,12,ATL,NO,Brad Allen,24,396,35,5,1,0,-1,9,-48,1,0
148,11/26/2023,12,DEN,CLE,Adrian Hill,29,294,71,8,1,-2,0,17,25,1,0
149,11/26/2023,12,IND,TB,Clete Blakeman,27,394,40,5,1,-1,1,7,96,1,0
150,11/26/2023,12,NYG,NE,Scott Novak,10,220,37,4,1,-2,2,3,-63,1,0
151,11/26/2023,12,PHI,BUF,Shawn Hochuli,37,378,30,4,1,1,-7,3,-127,1,0
152,11/26/2023,12,TEN,CAR,Ron Torbert,17,264,53,8,1,-1,4,7,6,1,0
153,11/27/2022,12,CAR,DEN,Clay Martin,23,349,34,4,1,-1,0,13,103,1,0
154,11/27/2022,12,CLE,TB,Tra Blake,23,367,42,5,1,1,-4,6,42,1,0
155,11/27/2022,12,JAX,BAL,Land Clark,28,332,19,4,1,-1,1,1,-83,1,0
156,11/27/2022,12,KC,LAR,Adrian Hill,26,437,25,3,1,0,-2,16,239,1,0
157,11/27/2022,12,MIA,HOU,Jerome Boger,30,339,35,4,1,-2,-1,15,129,1,0
158,11/27/2022,12,NYJ,CHI,John Hussey,31,466,5,1,1,-1,0,21,174,1,0
159,11/27/2022,12,PHI,GB,Shawn Smith,40,500,25,3,1,-1,-1,7,158,1,0
160,11/27/2022,12,SF,NO,Shawn Hochuli,13,317,64,7,1,-2,1,13,57,1,0
161,11/27/2022,12,WAS,ATL,Brad Rogers,19,314,28,4,1,0,2,6,-18,1,0
162,11/30/2023,13,DAL,SEA,Clete Blakeman,41,411,127,9,1,-1,-1,6,5,1,0
163,11/5/2023,9,BAL,SEA,Shawn Hochuli,37,515,11,3,1,0,-2,34,364,1,0
164,11/5/2023,9,CIN,BUF,Alex Kemp,24,397,49,6,1,-2,1,6,80,1,0
165,11/5/2023,9,CLE,ARI,Carl Cheffers,27,326,65,6,1,-3,2,27,268,1,0
166,11/5/2023,9,GB,LAR,Clete Blakeman,20,391,57,8,1,0,3,17,204,1,0
167,11/5/2023,9,HOU,TB,Land Clark,39,496,115,9,1,0,0,2,164,1,0
168,11/5/2023,9,KC,MIA,Clay Martin,21,267,69,9,1,0,3,7,-25,1,0
169,11/5/2023,9,LV,NYG,Alan Eck,30,334,30,4,1,-2,1,24,57,1,0
170,11/5/2023,9,NO,CHI,Ron Torbert,24,301,5,1,1,-5,-7,7,-67,1,0
171,11/5/2023,9,PHI,DAL,Tra Blake,28,292,98,10,1,-1,0,5,-114,1,0
172,11/6/2022,9,CIN,CAR,Alex Kemp,42,464,35,5,1,-3,-2,21,236,1,0
173,11/6/2022,9,DET,GB,Tra Blake,15,254,62,7,1,-2,-1,6,-135,1,0
174,11/6/2022,9,JAX,LV,Bill Vinovich,27,403,30,4,1,0,-1,7,82,1,0
175,11/6/2022,9,KC,TEN,Clete Blakeman,20,499,69,10,1,1,2,3,270,1,0
176,11/6/2022,9,NE,IND,Clay Martin,26,203,35,4,1,0,2,23,82,1,0
177,11/6/2022,9,NYJ,BUF,Land Clark,20,310,30,3,1,-1,0,3,-7,1,0
178,11/6/2022,9,TB,LAR,Shawn Hochuli,16,323,55,7,1,0,3,3,117,1,0
179,11/9/2023,10,CHI,CAR,Clete Blakeman,16,295,44,7,1,0,2,3,82,1,0
180,12/10/2023,14,BAL,LAR,Scott Novak,37,449,79,7,1,1,2,6,39,1,0
181,12/10/2023,14,CHI,DET,Tra Blake,28,336,35,4,1,-3,-4,15,69,1,0
182,12/10/2023,14,CIN,IND,Shawn Hochuli,34,385,40,5,1,-1,-4,20,113,1,0
183,12/10/2023,14,CLE,JAX,Ron Torbert,31,389,75,8,1,-1,1,4,96,1,0
184,12/10/2023,14,DAL,PHI,John Hussey,33,394,60,7,1,-2,-3,20,70,1,0
185,12/10/2023,14,NO,CAR,Alan Eck,28,207,30,3,1,-1,-1,22,-96,1,0
186,12/10/2023,14,NYJ,HOU,Brad Allen,30,347,52,8,1,1,4,24,212,1,0
187,12/10/2023,14,SF,SEA,Brad Rogers,28,527,30,5,1,0,0,12,203,1,0
188,12/11/2022,14,BUF,NYJ,Alex Kemp,20,232,35,5,1,-2,-2,8,-77,1,0
189,12/11/2022,14,CIN,CLE,Jerome Boger,23,363,36,4,1,0,-5,13,19,1,0
190,12/11/2022,14,DAL,HOU,John Hussey,27,404,10,3,1,1,-1,4,77,1,0
191,12/11/2022,14,DET,MIN,Ron Torbert,34,464,51,7,1,-2,4,11,48,1,0
192,12/11/2022,14,LAC,MIA,Scott Novak,23,432,40,6,1,0,0,6,213,1,0
193,12/11/2022,14,SF,TB,Brad Allen,35,404,15,2,1,-2,-6,28,82,1,0
194,12/11/2023,14,NYG,GB,Land Clark,24,367,47,5,1,-1,1,2,41,1,0
195,12/14/2023,15,LV,LAC,Ron Torbert,63,378,30,4,1,-5,-2,42,52,1,0
196,12/16/2023,15,CIN,MIN,Bill Vinovich,27,378,26,3,1,-1,-1,3,-46,1,0
197,12/16/2023,15,DET,DEN,John Hussey,42,448,54,2,1,-1,-2,25,161,1,0
198,12/16/2023,15,IND,PIT,Adrian Hill,30,372,10,2,1,-3,-6,17,156,1,0
199,12/17/2022,15,BUF,MIA,Bill Vinovich,32,446,51,7,1,1,-1,3,41,1,0
200,12/17/2022,15,CLE,BAL,Brad Allen,13,283,32,3,1,-2,0,10,-41,1,0
201,12/17/2022,15,MIN,IND,Tra Blake,39,518,74,9,1,2,-2,3,177,1,0
202,12/17/2023,15,BUF,DAL,Craig Wrolstad,31,351,15,1,1,-1,-4,21,156,1,0
203,12/17/2023,15,CAR,ATL,Land Clark,9,283,35,4,1,-2,0,2,79,1,0
204,12/17/2023,15,CLE,CHI,Brad Allen,20,377,48,9,1,0,5,3,141,1,0
205,12/17/2023,15,LAR,WAS,Alan Eck,28,445,36,5,1,1,2,8,148,1,0
206,12/17/2023,15,MIA,NYJ,Brad Rogers,30,290,65,9,1,-4,2,30,187,1,0
207,12/17/2023,15,NO,NYG,Carl Cheffers,24,296,58,6,1,0,1,18,103,1,0
208,12/18/2022,15,DEN,ARI,Jerome Boger,24,324,31,4,1,-1,-3,9,84,1,0
209,12/18/2022,15,JAX,DAL,Shawn Smith,40,503,37,4,1,1,2,6,106,1,0
210,12/18/2022,15,LAC,TEN,Land Clark,17,365,20,3,1,1,-3,3,81,1,0
211,12/18/2022,15,LV,NE,Ron Torbert,30,308,90,13,1,0,7,6,-10,1,0
212,12/18/2022,15,NO,ATL,Clete Blakeman,21,348,46,6,1,0,3,3,28,1,0
213,12/18/2023,15,SEA,PHI,Clay Martin,20,297,35,5,1,-2,0,3,-24,1,0
214,12/19/2022,15,GB,LAR,Shawn Hochuli,24,345,80,4,1,1,-4,12,189,1,0
215,12/21/2023,16,LAR,NO,Brad Rogers,30,458,25,3,1,-1,0,8,119,1,0
216,12/23/2023,16,PIT,CIN,Craig Wrolstad,34,397,15,2,1,-3,-1,23,29,1,0
217,12/24/2022,16,BAL,ATL,Bill Vinovich,17,299,6,1,1,-1,-4,8,-28,1,0
218,12/24/2022,16,CAR,DET,Shawn Hochuli,37,570,74,10,1,-1,6,14,189,1,0
219,12/24/2022,16,DAL,PHI,Alex Kemp,40,419,36,4,1,-3,2,6,-23,1,0
220,12/24/2022,16,KC,SEA,Clete Blakeman,24,297,39,5,1,-1,-1,14,-36,1,0
221,12/24/2022,16,MIN,NYG,Adrian Hill,27,353,14,2,1,-2,-5,3,-92,1,0
222,12/24/2022,16,PIT,LV,Tra Blake,13,350,35,3,1,-2,1,3,149,1,0
223,12/24/2022,16,SF,WAS,Jerome Boger,37,371,25,4,1,-1,-2,17,22,1,0
224,12/24/2023,16,ATL,IND,Alan Eck,29,406,35,4,1,-1,0,19,144,1,0
225,12/24/2023,16,CHI,ARI,John Hussey,27,420,35,5,1,1,3,11,114,1,0
226,12/24/2023,16,MIA,DAL,Shawn Hochuli,22,375,33,5,1,-1,-1,2,36,1,0
227,12/24/2023,16,NYJ,WAS,Clay Martin,30,381,150,14,1,-1,6,2,136,1,0
228,12/24/2023,16,TB,JAX,Brad Allen,30,335,44,6,1,-4,4,18,30,1,0
229,12/25/2022,16,LAR,DEN,Ron Torbert,51,388,6,3,1,-4,-3,37,65,1,0
230,12/25/2023,16,PHI,NYG,Ron Torbert,33,465,65,9,1,1,6,8,173,1,0
231,12/28/2023,17,CLE,NYJ,Alex Kemp,37,428,26,4,1,1,-8,17,68,1,0
232,12/3/2023,13,GB,KC,Brad Allen,27,382,63,7,1,-1,2,8,45,1,0
233,12/3/2023,13,HOU,DEN,Shawn Smith,22,353,81,8,1,-3,6,5,71,1,0
234,12/3/2023,13,LAR,CLE,John Hussey,36,399,45,7,1,-1,0,17,72,1,0
235,12/3/2023,13,TB,CAR,Brad Rogers,21,322,36,5,1,0,-2,3,40,1,0
236,12/30/2023,17,DAL,DET,Brad Allen,20,384,34,5,1,0,-1,1,-36,1,0
237,12/31/2023,17,BAL,MIA,Clete Blakeman,56,491,45,7,1,-2,2,37,116,1,0
238,12/31/2023,17,BUF,NE,Alex Kemp,27,281,32,4,1,-3,2,6,-13,1,0
239,12/31/2023,17,CHI,ATL,Adrian Hill,37,432,55,5,1,-4,4,20,125,1,0
240,12/31/2023,17,DEN,LAC,Craig Wrolstad,16,313,49,7,1,-1,4,7,12,1,0
241,12/31/2023,17,HOU,TEN,Scott Novak,26,312,6,1,1,-1,-2,23,125,1,0
242,12/31/2023,17,IND,LV,Shawn Smith,23,349,52,5,1,0,-2,3,-21,1,0
243,12/31/2023,17,JAX,CAR,Carl Cheffers,26,317,15,1,1,-1,-2,26,193,1,0
244,12/31/2023,17,KC,CIN,John Hussey,25,373,39,3,1,1,0,8,110,1,0
245,12/4/2022,13,BAL,DEN,Alex Kemp,10,285,15,3,1,2,-1,1,13,1,0
246,12/4/2022,13,CIN,KC,John Hussey,27,431,65,6,1,-1,2,3,82,1,0
247,12/4/2022,13,DAL,IND,Carl Cheffers,54,385,43,3,1,-4,-3,35,76,1,0
248,12/4/2022,13,DET,JAX,Jerome Boger,40,437,10,1,1,-1,-4,26,171,1,0
249,12/4/2022,13,LV,LAC,Craig Wrolstad,27,404,15,3,1,1,-1,7,18,1,0
250,12/4/2022,13,MIN,NYJ,Clete Blakeman,27,287,44,3,1,-2,-3,5,-199,1,0
251,12/4/2022,13,PHI,TEN,Adrian Hill,35,453,80,12,1,0,5,25,244,1,0
252,12/4/2022,13,SF,MIA,Tra Blake,33,351,45,4,1,-3,-4,16,43,1,0
253,12/5/2022,13,TB,NO,Clay Martin,17,350,39,4,1,2,-2,1,52,1,0
254,12/8/2022,14,LAR,LV,Brad Rogers,17,282,60,7,1,-1,0,1,-20,1,0
255,9/10/2023,1,ATL,CAR,Brad Rogers,24,221,43,6,1,-3,-3,14,-60,1,0
256,9/10/2023,1,BAL,HOU,Tra Blake,25,265,106,13,1,1,4,16,-3,1,0
257,9/10/2023,1,CLE,CIN,Clete Blakeman,24,350,43,5,1,2,1,21,208,1,0
258,9/10/2023,1,NO,TEN,Ron Torbert,16,351,45,7,1,-1,1,1,66,1,0
259,9/10/2023,1,WAS,ARI,Alan Eck,20,248,69,8,1,1,-1,4,38,1,0
260,9/11/2022,1,CHI,SF,Clay Martin,19,204,24,3,1,-1,-9,9,-127,1,0
262,9/11/2022,1,LAC,LV,Shawn Smith,24,355,21,5,1,-3,2,5,35,1,0
263,9/11/2022,1,MIA,NE,John Hussey,20,307,20,4,1,-3,1,13,36,1,0
264,9/11/2022,1,MIN,GB,Bill Vinovich,23,395,20,3,1,-2,1,16,57,1,0
265,9/11/2022,1,WAS,JAX,Tra Blake,28,390,63,6,1,2,-7,6,7,1,0
266,9/11/2023,1,NYJ,BUF,Carl Cheffers,22,289,10,2,1,-3,-3,6,-25,1,0
267,9/12/2022,1,SEA,DEN,Clete Blakeman,17,253,77,5,1,-1,-7,1,-180,1,0
268,9/14/2023,2,PHI,MIN,Clay Martin,34,430,45,7,1,-3,5,6,56,1,0
269,9/15/2022,2,KC,LAC,John Hussey,27,319,54,6,1,-1,3,3,-82,1,0
270,9/17/2023,2,ATL,GB,Tra Blake,25,446,110,6,1,1,-1,1,222,1,0
271,9/17/2023,2,BUF,LV,Craig Wrolstad,38,450,30,4,1,-3,2,28,210,1,0
272,9/17/2023,2,DAL,NYJ,Clete Blakeman,30,382,38,6,1,-4,1,20,167,1,0
273,9/17/2023,2,TB,CHI,Bill Vinovich,27,437,54,7,1,-2,2,10,201,1,0
274,9/17/2023,2,TEN,LAC,Alan Eck,27,341,45,7,1,0,3,3,-1,1,0
275,9/18/2022,2,DAL,CIN,Brad Allen,20,337,45,5,1,1,-2,3,83,1,0
276,9/18/2022,2,DEN,HOU,Carl Cheffers,16,350,100,13,1,1,5,7,116,1,0
277,9/18/2022,2,DET,WAS,Bill Vinovich,36,425,5,1,1,-1,-1,9,29,1,0
278,9/18/2022,2,GB,CHI,Craig Wrolstad,27,414,25,3,1,0,-4,17,186,1,0
279,9/18/2022,2,JAX,IND,Alex Kemp,24,331,19,3,1,-3,-2,24,113,1,0
280,9/18/2022,2,LAR,ATL,Clay Martin,31,337,61,3,1,0,-2,4,76,1,0
281,9/18/2022,2,NYG,CAR,Ron Torbert,19,265,62,8,1,-2,3,3,-10,1,0
282,9/18/2022,2,SF,SEA,Brad Rogers,27,373,26,1,1,-3,-9,20,157,1,0
283,9/18/2023,2,PIT,CLE,Ron Torbert,26,255,31,5,1,-2,-3,4,-153,1,0
284,9/19/2022,2,BUF,TEN,Shawn Smith,41,414,49,8,1,-4,-1,34,227,1,0
285,9/19/2022,2,PHI,MIN,Scott Novak,24,486,60,8,1,-2,3,17,222,1,0
286,9/21/2023,3,SF,NYG,Shawn Hochuli,30,441,71,6,1,-1,0,18,291,1,0
287,9/22/2022,3,CLE,PIT,Clay Martin,29,376,24,5,1,-1,0,12,68,1,0
288,9/24/2023,3,ARI,DAL,Alex Kemp,28,400,69,8,1,-1,-5,12,-16,1,0
289,9/24/2023,3,CLE,TEN,Craig Wrolstad,27,341,46,5,1,1,-3,24,247,1,0
290,9/24/2023,3,DET,ATL,Land Clark,20,358,119,10,1,0,6,14,175,1,0
291,9/24/2023,3,GB,NO,Brad Rogers,18,340,90,11,1,1,4,1,88,1,0
292,9/24/2023,3,KC,CHI,Alan Eck,41,456,15,3,1,0,-3,31,253,1,0
293,9/24/2023,3,MIA,DEN,Clay Martin,70,726,55,6,1,-3,-1,50,363,1,0
294,9/24/2023,3,SEA,CAR,Ron Torbert,37,425,82,8,1,1,-5,10,47,1,0
295,9/25/2022,3,CAR,NO,Carl Cheffers,22,293,40,4,1,-3,-3,8,-133,1,0
296,9/25/2022,3,CHI,HOU,Clete Blakeman,23,363,32,6,1,0,3,3,34,1,0
297,9/25/2022,3,DEN,SF,Shawn Hochuli,11,261,30,5,1,-3,-2,1,-6,1,0
298,9/25/2022,3,IND,KC,Shawn Smith,20,259,34,4,1,-1,-2,3,-56,1,0
299,9/25/2022,3,MIA,BUF,Alex Kemp,21,212,20,4,1,-1,-3,2,-285,1,0
300,9/25/2022,3,MIN,DET,John Hussey,28,373,15,3,1,0,-4,4,-43,1,0
301,9/25/2022,3,TEN,LV,Brad Rogers,24,361,85,7,1,0,1,2,-35,1,0
302,9/25/2023,3,CIN,LAR,John Hussey,19,309,49,7,1,-1,3,3,17,1,0
303,9/29/2022,4,CIN,MIA,Tra Blake,27,371,74,6,1,-2,0,12,-7,1,0
304,1/1/2023,17,BAL,PIT,Land Clark,13,240,30,4,0,1,-2,-3,-111,1,0
305,1/1/2023,17,HOU,JAX,Scott Novak,3,277,45,7,0,-1,5,-28,-60,1,0
306,1/1/2023,17,LV,SF,Clay Martin,34,500,49,6,0,1,-3,-3,46,1,0
307,1/1/2023,17,PHI,NO,Jerome Boger,10,313,49,8,0,0,5,-10,0,1,0
308,1/1/2023,17,WAS,CLE,Bill Vinovich,10,260,24,5,0,3,2,-14,-41,1,0
309,1/6/2024,18,BAL,PIT,Brad Allen,10,224,26,3,0,0,-1,-7,-65,1,0
310,1/6/2024,18,IND,HOU,Bill Vinovich,19,360,14,3,0,1,-8,-4,54,1,0
311,1/7/2023,18,LV,KC,Scott Novak,13,279,47,6,0,2,1,-18,-70,1,0
312,1/7/2024,18,ARI,SEA,Adrian Hill,20,466,27,5,0,0,5,-1,139,1,0
313,1/7/2024,18,CAR,TB,Clete Blakeman,0,199,20,3,0,2,0,-9,-29,1,0
314,1/7/2024,18,LAC,KC,Scott Novak,12,353,5,1,0,0,-2,-1,85,1,0
315,1/7/2024,18,MIA,BUF,Alex Kemp,14,275,29,4,0,-1,-2,-7,-198,1,0
316,1/7/2024,18,NE,NYJ,Land Clark,3,119,35,4,0,1,3,-14,-135,1,0
317,1/7/2024,18,SF,LAR,Clay Martin,20,300,78,5,0,0,3,-1,42,1,0
318,1/7/2024,18,WAS,DAL,Shawn Smith,10,180,39,4,0,2,2,-28,-260,1,0
319,1/8/2023,18,CHI,MIN,Brad Allen,13,259,20,2,0,0,-6,-16,-223,1,0
320,1/8/2023,18,GB,DET,Brad Rogers,16,291,35,4,0,2,-1,-4,-32,1,0
321,1/8/2023,18,IND,HOU,Jerome Boger,31,398,10,2,0,0,-5,-1,38,1,0
322,1/8/2023,18,NO,CAR,Alex Kemp,7,304,15,2,0,-1,0,-3,101,1,0
323,10/1/2023,4,CAR,MIN,Tra Blake,13,232,80,6,0,-1,-1,-8,-33,1,0
324,10/1/2023,4,CHI,DEN,Carl Cheffers,28,471,91,10,0,2,3,-3,160,1,0
325,10/1/2023,4,CLE,BAL,Brad Allen,3,166,42,7,0,2,-1,-25,-130,1,0
326,10/1/2023,4,IND,LAR,Land Clark,23,329,80,8,0,0,0,-6,-138,1,0
327,10/1/2023,4,NO,TB,Shawn Hochuli,9,197,58,7,0,2,-4,-17,-156,1,0
328,10/1/2023,4,NYJ,KC,Alex Kemp,20,336,42,7,0,-1,2,-3,-65,1,0
329,10/13/2022,6,CHI,WAS,Adrian Hill,7,391,42,4,0,2,-3,-5,177,1,0
330,10/15/2023,6,ATL,WAS,Clete Blakeman,16,402,31,4,0,3,-2,-8,209,1,0
331,10/15/2023,6,CHI,MIN,Brad Allen,13,275,29,5,0,2,0,-6,55,1,0
332,10/15/2023,6,TB,DET,Clay Martin,6,251,33,5,0,1,0,-14,-129,1,0
333,10/15/2023,6,TEN,BAL,Bill Vinovich,16,233,45,6,0,1,-3,-8,-127,1,0
334,10/16/2022,6,CLE,NE,Scott Novak,15,328,63,7,0,3,-5,-23,-71,1,0
335,10/16/2022,6,GB,NYJ,Clete Blakeman,10,278,42,7,0,1,0,-17,0,1,0
336,10/16/2022,6,KC,BUF,Brad Allen,20,387,58,5,0,1,-2,-4,-56,1,0
337,10/16/2022,6,MIA,MIN,Brad Rogers,16,458,97,10,0,3,8,-8,224,1,0
338,10/16/2022,6,NO,CIN,Land Clark,26,399,34,4,0,-1,1,-4,51,1,0
339,10/16/2023,6,LAC,DAL,Land Clark,17,272,79,9,0,0,-2,-3,-70,1,0
340,10/19/2023,7,NO,JAX,Land Clark,24,407,34,3,0,-1,-2,-7,77,1,0
341,10/2/2022,4,BAL,BUF,Jerome Boger,20,296,70,9,0,0,5,-3,-30,1,0
342,10/2/2022,4,CAR,ARI,John Hussey,16,220,76,6,0,2,-1,-10,-118,1,0
343,10/2/2022,4,DET,SEA,Clay Martin,45,520,59,8,0,1,-3,-3,-35,1,0
344,10/2/2022,4,HOU,LAC,Alex Kemp,24,346,67,9,0,1,3,-10,-73,1,0
345,10/2/2022,4,IND,TEN,Scott Novak,17,365,50,7,0,3,1,-7,122,1,0
346,10/2/2022,4,NO,MIN,Clete Blakeman,25,338,102,10,0,1,5,-3,-6,1,0
347,10/2/2022,4,PIT,NYJ,Brad Rogers,20,297,55,8,0,2,1,-4,-51,1,0
348,10/2/2022,4,TB,KC,Bill Vinovich,31,376,40,5,0,1,1,-10,-41,1,0
349,10/2/2023,4,NYG,SEA,Brad Rogers,3,248,45,6,0,3,-2,-21,-33,1,0
350,10/22/2023,7,IND,CLE,Shawn Smith,38,456,67,8,0,2,4,-1,140,1,0
351,10/22/2023,7,LAR,PIT,Craig Wrolstad,17,354,40,5,0,1,-3,-7,54,1,0
352,10/22/2023,7,TB,ATL,Ron Torbert,13,329,66,9,0,-1,0,-3,-72,1,0
353,10/23/2022,7,DEN,NYJ,Bill Vinovich,9,324,34,4,0,1,-7,-7,64,1,0
354,10/23/2022,7,JAX,NYG,Tra Blake,17,452,81,13,0,1,5,-6,16,1,0
355,10/23/2022,7,LAC,SEA,Land Clark,23,329,70,7,0,0,0,-14,-75,1,0
356,10/23/2022,7,SF,KC,Alex Kemp,23,444,80,10,0,1,2,-21,-85,1,0
357,10/24/2022,7,NE,CHI,Brad Allen,14,260,30,4,0,3,0,-19,-130,1,0
358,10/27/2022,8,TB,BAL,Carl Cheffers,22,349,35,4,0,1,-3,-5,-104,1,0
359,10/29/2023,8,ARI,BAL,Tra Blake,24,310,70,6,0,2,0,-7,42,1,0
360,10/29/2023,8,GB,MIN,Shawn Hochuli,10,270,99,11,0,0,4,-14,-76,1,0
361,10/29/2023,8,IND,NO,Craig Wrolstad,27,371,30,6,0,0,-2,-11,-140,1,0
362,10/29/2023,8,NYG,NYJ,Shawn Smith,10,194,73,6,0,-2,-3,-3,-57,1,0
363,10/29/2023,8,PIT,JAX,Alan Eck,10,261,52,6,0,-1,0,-10,-116,1,0
364,10/29/2023,8,SF,CIN,Ron Torbert,17,460,54,5,0,2,4,-14,60,1,0
365,10/29/2023,8,WAS,PHI,Carl Cheffers,31,472,79,7,0,-1,4,-7,98,1,0
366,10/30/2022,8,DET,MIA,Alex Kemp,27,393,30,6,0,-1,-1,-4,-83,1,0
367,10/30/2022,8,HOU,TEN,Clay Martin,10,161,45,6,0,-1,0,-7,-193,1,0
368,10/30/2022,8,IND,WAS,Craig Wrolstad,16,324,25,3,0,1,0,-1,-38,1,0
369,10/30/2022,8,JAX,DEN,Adrian Hill,17,305,54,5,0,1,-7,-4,-26,1,0
370,10/30/2022,8,LAR,SF,John Hussey,14,223,50,4,0,0,1,-17,-145,1,0
371,10/30/2022,8,NYJ,NE,Shawn Smith,17,387,41,4,0,2,-2,-5,99,1,0
372,10/5/2023,5,WAS,CHI,Scott Novak,20,388,5,1,0,2,-2,-20,-63,1,0
373,10/6/2022,5,DEN,IND,Brad Rogers,9,375,49,7,0,0,-1,-3,69,1,0
374,10/8/2023,5,ARI,CIN,Clay Martin,20,294,16,2,0,2,-2,-14,-86,1,0
375,10/8/2023,5,BUF,JAX,Shawn Smith,20,388,109,11,0,0,3,-5,-86,1,0
376,10/8/2023,5,DEN,NYJ,John Hussey,21,308,31,4,0,1,-5,-10,-99,1,0
377,10/8/2023,5,LAR,PHI,Bill Vinovich,14,249,48,5,0,-1,2,-9,-205,1,0
378,10/8/2023,5,MIN,KC,Land Clark,20,329,51,4,0,1,-6,-7,-4,1,0
379,10/8/2023,5,NE,NO,Alex Kemp,0,156,30,5,0,3,-7,-34,-148,1,0
380,10/9/2022,5,ARI,PHI,Tra Blake,17,363,15,2,0,1,-1,-3,6,1,0
381,10/9/2022,5,CAR,SF,Shawn Smith,15,308,33,5,0,0,-4,-22,-89,1,0
382,10/9/2022,5,CLE,LAC,Adrian Hill,28,443,65,6,0,1,2,-2,-22,1,0
383,10/9/2022,5,GB,NYG,Alex Kemp,22,301,37,7,0,0,1,-5,-37,1,0
384,10/9/2022,5,JAX,HOU,Ron Torbert,6,422,48,6,0,2,2,-7,174,1,0
385,10/9/2022,5,LAR,DAL,Bill Vinovich,10,323,25,3,0,3,-2,-12,84,1,0
386,10/9/2022,5,WAS,TEN,Land Clark,17,385,71,9,0,1,1,-4,144,1,0
387,11/12/2023,10,BAL,CLE,Land Clark,31,306,64,7,0,0,-3,-2,-67,1,0
388,11/12/2023,10,CIN,HOU,Carl Cheffers,27,380,63,4,0,-1,-3,-3,-164,1,0
389,11/12/2023,10,JAX,SF,Brad Allen,3,221,39,5,0,4,-2,-31,-216,1,0
390,11/12/2023,10,LAC,DET,Shawn Smith,38,421,36,3,0,1,-1,-3,-112,1,0
391,11/12/2023,10,NE,IND,Tra Blake,6,340,34,5,0,1,1,-4,76,1,0
392,11/13/2022,10,BUF,MIN,Craig Wrolstad,30,486,64,7,0,2,0,-3,5,1,0
393,11/13/2022,10,CHI,DET,Land Clark,30,408,86,9,0,1,7,-1,85,1,0
394,11/13/2022,10,LAR,ARI,Clete Blakeman,17,256,29,5,0,2,-5,-10,-42,1,0
395,11/13/2022,10,LV,IND,Tra Blake,20,309,74,10,0,-1,6,-5,-106,1,0
396,11/13/2023,10,BUF,DEN,Bill Vinovich,22,369,63,5,0,3,-5,-2,69,1,0
397,11/14/2022,10,PHI,WAS,Alex Kemp,21,264,75,7,0,2,2,-11,-66,1,0
398,11/17/2022,11,GB,TEN,Bill Vinovich,17,271,40,5,0,-1,3,-10,-137,1,0
399,11/19/2023,11,CAR,DAL,Clay Martin,10,187,90,8,0,2,3,-23,-124,1,0
400,11/19/2023,11,WAS,NYG,Brad Allen,19,404,5,1,0,6,-4,-12,112,1,0
401,11/20/2022,11,DEN,LV,Shawn Smith,16,320,45,5,0,0,-4,-6,-87,1,0
402,11/20/2022,11,HOU,WAS,Scott Novak,10,148,15,2,0,2,-3,-13,-196,1,0
403,11/20/2022,11,IND,PHI,Land Clark,16,284,90,8,0,-1,1,-1,-30,1,0
404,11/20/2022,11,LAC,KC,Shawn Hochuli,27,365,25,4,0,1,0,-3,-120,1,0
405,11/20/2022,11,MIN,DAL,Clay Martin,3,183,59,7,0,1,1,-37,-275,1,0
406,11/20/2022,11,NYG,DET,Brad Rogers,18,413,63,8,0,3,3,-13,88,1,0
407,11/20/2022,11,PIT,CIN,Brad Allen,30,351,70,8,0,-2,2,-7,-57,1,0
408,11/20/2023,11,KC,PHI,Shawn Smith,17,336,55,7,0,1,0,-4,98,1,0
409,11/21/2022,11,ARI,SF,Craig Wrolstad,10,314,50,5,0,2,2,-28,-73,1,0
410,11/23/2023,12,DET,GB,Carl Cheffers,22,464,51,7,0,3,0,-7,87,1,0
411,11/23/2023,12,SEA,SF,Tra Blake,13,220,39,5,0,1,2,-18,-157,1,0
412,11/24/2022,12,DET,BUF,Clete Blakeman,25,326,32,3,0,1,-2,-3,-75,1,0
413,11/24/2023,12,NYJ,MIA,John Hussey,13,159,60,6,0,-1,0,-21,-236,1,0
414,11/26/2023,12,ARI,LAR,Shawn Smith,14,292,34,5,0,-1,0,-23,-165,1,0
415,11/26/2023,12,CIN,PIT,Brad Rogers,10,222,36,5,0,0,0,-6,-199,1,0
416,11/26/2023,12,HOU,JAX,Clay Martin,21,352,49,7,0,-1,1,-3,-93,1,0
417,11/26/2023,12,LAC,BAL,Alan Eck,10,279,41,5,0,4,0,-10,-82,1,0
418,11/26/2023,12,LV,KC,Land Clark,17,358,0,0,0,0,-4,-14,-2,1,0
419,11/27/2022,12,ARI,LAC,Ron Torbert,24,366,19,3,0,2,-1,-1,55,1,0
420,11/27/2022,12,SEA,LV,Brad Allen,34,372,10,2,0,0,-5,-6,-204,1,0
421,11/27/2022,12,TEN,CIN,Carl Cheffers,16,344,57,8,0,0,-1,-4,-30,1,0
422,11/27/2023,12,MIN,CHI,Alex Kemp,10,242,24,4,0,2,-3,-2,-75,1,0
423,11/28/2022,12,IND,PIT,Bill Vinovich,17,290,20,2,0,2,-1,-7,-33,1,0
424,11/3/2022,9,HOU,PHI,Craig Wrolstad,17,303,28,4,0,1,0,-12,-57,1,0
425,11/5/2023,9,ATL,MIN,Shawn Smith,28,370,62,8,0,0,7,-3,7,1,0
426,11/5/2023,9,CAR,IND,Bill Vinovich,13,275,81,10,0,2,5,-14,77,1,0
427,11/5/2023,9,NE,WAS,Adrian Hill,17,327,30,4,0,-1,0,-3,-105,1,0
428,11/6/2022,9,ARI,SEA,Carl Cheffers,21,262,77,12,0,0,6,-10,-159,1,0
429,11/6/2022,9,ATL,LAC,John Hussey,17,315,15,2,0,0,-3,-3,-21,1,0
430,11/6/2022,9,CHI,MIA,Ron Torbert,32,368,92,4,0,0,1,-3,-11,1,0
431,11/6/2022,9,WAS,MIN,Jerome Boger,17,263,26,3,0,0,-2,-3,-38,1,0
432,11/6/2023,9,NYJ,LAC,Craig Wrolstad,6,270,40,8,0,3,4,-21,79,1,0
433,11/7/2022,9,NO,BAL,Brad Rogers,13,243,40,5,0,1,0,-14,-76,1,0
434,12/1/2022,13,NE,BUF,Shawn Hochuli,10,242,62,6,0,-1,0,-14,-113,1,0
435,12/10/2023,14,ATL,TB,Alex Kemp,25,434,10,2,0,1,-2,-4,144,1,0
436,12/10/2023,14,KC,BUF,Carl Cheffers,17,346,45,7,0,1,3,-3,19,1,0
437,12/10/2023,14,LAC,DEN,Clete Blakeman,7,283,10,2,0,1,-2,-17,-39,1,0
438,12/10/2023,14,LV,MIN,Craig Wrolstad,0,202,37,4,0,3,-1,-3,-29,1,0
439,12/11/2022,14,DEN,KC,Craig Wrolstad,28,320,38,6,0,-1,2,-6,-111,1,0
440,12/11/2022,14,NYG,PHI,Clete Blakeman,22,304,34,5,0,1,3,-26,-133,1,0
441,12/11/2022,14,PIT,BAL,Adrian Hill,14,329,15,2,0,3,-3,-2,20,1,0
442,12/11/2022,14,SEA,CAR,Bill Vinovich,24,287,35,3,0,2,-3,-6,-41,1,0
443,12/11/2022,14,TEN,JAX,Clay Martin,22,364,50,5,0,4,-4,-14,-64,1,0
444,12/11/2023,14,MIA,TEN,Adrian Hill,27,366,61,7,0,-2,-2,-1,-37,1,0
445,12/12/2022,14,ARI,NE,Shawn Smith,13,323,48,8,0,1,0,-14,-5,1,0
446,12/15/2022,15,SEA,SF,Alex Kemp,13,277,79,8,0,1,1,-8,-104,1,0
447,12/17/2023,15,ARI,SF,Scott Novak,29,436,28,4,0,2,3,-16,30,1,0
448,12/17/2023,15,GB,TB,Tra Blake,20,321,31,4,0,0,0,-14,-131,1,0
449,12/17/2023,15,JAX,BAL,Shawn Smith,7,333,47,6,0,1,0,-16,-63,1,0
450,12/17/2023,15,NE,KC,Shawn Hochuli,17,206,45,5,0,-1,3,-10,-120,1,0
451,12/17/2023,15,TEN,HOU,Clete Blakeman,16,204,50,5,0,0,-3,-3,-136,1,0
452,12/18/2022,15,CAR,PIT,Scott Novak,16,209,40,5,0,0,-2,-8,-116,1,0
453,12/18/2022,15,CHI,PHI,Brad Rogers,20,248,30,6,0,-2,4,-5,-173,1,0
454,12/18/2022,15,HOU,KC,Carl Cheffers,24,219,33,4,0,-1,-6,-6,-283,1,0
455,12/18/2022,15,NYJ,DET,Craig Wrolstad,17,337,20,2,0,1,-4,-3,-22,1,0
456,12/18/2022,15,TB,CIN,Adrian Hill,23,396,58,7,0,3,3,-11,159,1,0
457,12/18/2022,15,WAS,NYG,John Hussey,12,387,40,6,0,2,1,-8,99,1,0
458,12/22/2022,16,NYJ,JAX,Brad Allen,3,227,64,9,0,1,6,-16,-138,1,0
459,12/23/2023,16,LAC,BUF,Adrian Hill,22,273,29,6,0,-3,-1,-2,-62,1,0
460,12/24/2022,16,CHI,BUF,Carl Cheffers,13,209,15,2,0,-1,-7,-22,-217,1,0
461,12/24/2022,16,CLE,NO,Brad Rogers,10,249,45,4,0,0,2,-7,5,1,0
462,12/24/2022,16,NE,CIN,Craig Wrolstad,18,285,82,10,0,-2,2,-4,-157,1,0
463,12/24/2022,16,TEN,HOU,Shawn Smith,14,272,30,5,0,2,1,-5,-13,1,0
464,12/24/2023,16,CAR,GB,Alex Kemp,30,394,87,8,0,0,2,-3,25,1,0
465,12/24/2023,16,DEN,NE,Carl Cheffers,23,276,25,2,0,1,-1,-3,-13,1,0
466,12/24/2023,16,HOU,CLE,Tra Blake,22,250,76,10,0,0,1,-14,-168,1,0
467,12/24/2023,16,MIN,DET,Land Clark,24,390,64,8,0,3,-1,-6,1,1,0
468,12/24/2023,16,TEN,SEA,Shawn Smith,17,287,97,10,0,0,4,-3,14,1,0
469,12/25/2022,16,ARI,TB,John Hussey,16,325,74,6,0,1,1,-3,-71,1,0
470,12/25/2022,16,MIA,GB,Land Clark,20,376,62,8,0,3,3,-6,75,1,0
471,12/25/2023,16,KC,LV,Clete Blakeman,14,308,44,5,0,2,1,-6,103,1,0
472,12/25/2023,16,SF,BAL,Bill Vinovich,19,429,102,10,0,5,4,-14,86,1,0
473,12/26/2022,16,IND,LAC,Clay Martin,3,173,11,2,0,1,-4,-17,-141,1,0
474,12/29/2022,17,TEN,DAL,Shawn Hochuli,13,317,124,10,0,-1,7,-14,-44,1,0
475,12/3/2023,13,NE,LAC,Bill Vinovich,0,257,14,3,0,1,-1,-6,16,1,0
476,12/3/2023,13,NO,DET,Clay Martin,28,362,50,6,0,2,0,-5,15,1,0
477,12/3/2023,13,NYJ,ATL,Ron Torbert,8,259,71,11,0,3,5,-5,65,1,0
478,12/3/2023,13,PHI,SF,Alex Kemp,19,333,47,7,0,0,2,-23,-123,1,0
479,12/3/2023,13,PIT,ARI,Land Clark,10,317,77,9,0,1,3,-14,35,1,0
480,12/3/2023,13,TEN,IND,Craig Wrolstad,28,381,74,9,0,0,5,-3,26,1,0
481,12/3/2023,13,WAS,MIA,Tra Blake,15,245,31,3,0,1,1,-30,-161,1,0
482,12/31/2023,17,MIN,GB,Clay Martin,10,211,27,6,0,1,2,-23,-259,1,0
483,12/31/2023,17,NYG,LAR,Tra Blake,25,389,65,7,0,-2,4,-1,-2,1,0
484,12/31/2023,17,PHI,ARI,Bill Vinovich,31,275,49,4,0,0,-1,-4,-174,1,0
485,12/31/2023,17,SEA,PIT,Shawn Hochuli,23,369,25,4,0,1,2,-7,-99,1,0
486,12/31/2023,17,TB,NO,Land Clark,13,349,38,5,0,4,0,-10,39,1,0
487,12/31/2023,17,WAS,SF,Ron Torbert,10,225,40,5,0,2,2,-17,-183,1,0
488,12/4/2022,13,ATL,PIT,Ron Torbert,16,306,48,6,0,1,-1,-3,-45,1,0
489,12/4/2022,13,CHI,GB,Scott Novak,19,409,63,5,0,3,3,-9,52,1,0
490,12/4/2022,13,HOU,CLE,Land Clark,14,283,31,5,0,2,-1,-13,-21,1,0
491,12/4/2022,13,LAR,SEA,Shawn Smith,23,319,39,4,0,0,-2,-4,-119,1,0
493,12/4/2023,13,JAX,CIN,Scott Novak,31,376,55,7,0,-1,1,-3,-115,1,0
494,12/7/2023,14,PIT,NE,Clay Martin,18,264,5,1,0,0,-6,-3,-39,1,0
495,9/10/2023,1,CHI,GB,Craig Wrolstad,20,311,61,7,0,2,-2,-18,-18,1,0
496,9/10/2023,1,DEN,LV,Bill Vinovich,16,260,83,10,0,-1,0,-1,-1,1,0
497,9/10/2023,1,IND,JAX,Clay Martin,21,280,35,4,0,1,0,-10,-62,1,0
498,9/10/2023,1,LAC,MIA,Brad Allen,34,433,70,6,0,-2,0,-2,-103,1,0
499,9/10/2023,1,MIN,TB,Scott Novak,17,369,45,6,0,3,3,-3,127,1,0
500,9/10/2023,1,NE,PHI,Shawn Hochuli,20,382,50,7,0,1,2,-5,131,1,0
501,9/10/2023,1,NYG,DAL,Adrian Hill,0,171,72,6,0,3,1,-40,-94,1,0
502,9/10/2023,1,PIT,SF,Alex Kemp,7,239,60,6,0,1,-5,-23,-152,1,0
503,9/10/2023,1,SEA,LAR,Shawn Smith,13,180,55,7,0,0,0,-17,-246,1,0
504,9/11/2022,1,ARI,KC,Scott Novak,21,282,49,5,0,-1,2,-23,-206,1,0
505,9/11/2022,1,ATL,NO,Alex Kemp,26,416,55,8,0,1,0,-1,31,1,0
506,9/11/2022,1,CAR,CLE,Brad Rogers,24,261,96,8,0,1,-1,-2,-94,1,0
507,9/11/2022,1,CIN,PIT,Shawn Hochuli,20,432,27,4,0,5,-4,-3,165,1,0
508,9/11/2022,1,DAL,TB,Ron Torbert,3,244,73,10,0,0,5,-16,-103,1,0
509,9/11/2022,1,DET,PHI,Brad Allen,35,386,65,7,0,1,-3,-3,-69,1,0
510,9/11/2022,1,NYJ,BAL,Craig Wrolstad,9,380,81,6,0,1,1,-15,106,1,0
511,9/11/2022,1,TEN,NYG,Jerome Boger,20,359,50,7,0,-1,-1,-1,-35,1,0
512,9/17/2023,2,ARI,NYG,Land Clark,28,379,57,8,0,-1,-1,-3,-60,1,0
513,9/17/2023,2,CIN,BAL,Shawn Hochuli,24,282,30,5,0,1,-1,-3,-133,1,0
514,9/17/2023,2,DEN,WAS,Brad Rogers,33,399,58,9,0,2,1,-2,11,1,0
515,9/17/2023,2,DET,SEA,Alex Kemp,31,418,24,4,0,3,-5,-6,25,1,0
516,9/17/2023,2,HOU,IND,Carl Cheffers,20,389,20,3,0,1,-5,-11,36,1,0
517,9/17/2023,2,JAX,KC,Adrian Hill,9,271,10,2,0,-2,-10,-8,-128,1,0
518,9/17/2023,2,LAR,SF,Brad Allen,23,386,55,6,0,2,0,-7,21,1,0
519,9/17/2023,2,NE,MIA,Shawn Smith,17,288,45,5,0,1,-1,-7,-101,1,0
520,9/18/2022,2,BAL,MIA,Adrian Hill,38,473,5,1,0,-2,-7,-4,-74,1,0
521,9/18/2022,2,CLE,NYJ,Tra Blake,30,405,38,5,0,0,-3,-1,3,1,0
522,9/18/2022,2,LV,ARI,Clete Blakeman,23,324,68,10,0,0,-2,-6,-89,1,0
523,9/18/2022,2,NO,TB,Shawn Hochuli,10,308,60,9,0,4,1,-10,48,1,0
524,9/18/2022,2,PIT,NE,Land Clark,14,243,20,3,0,1,-4,-3,-133,1,0
525,9/18/2023,2,CAR,NO,Scott Novak,17,239,35,6,0,0,3,-3,-102,1,0
526,9/24/2023,3,BAL,IND,Clete Blakeman,19,364,5,1,0,2,-5,-3,37,1,0
527,9/24/2023,3,JAX,HOU,Scott Novak,17,404,49,6,0,2,-2,-20,38,1,0
528,9/24/2023,3,LV,PIT,Tra Blake,18,362,60,7,0,3,1,-5,29,1,0
529,9/24/2023,3,MIN,LAC,Shawn Smith,24,475,45,6,0,1,-6,-4,0,1,0
530,9/24/2023,3,NYJ,NE,Bill Vinovich,10,171,15,3,0,0,-3,-5,-187,1,0
531,9/24/2023,3,WAS,BUF,Land Clark,3,230,15,2,0,4,-4,-34,-156,1,0
532,9/25/2022,3,ARI,LAR,Adrian Hill,12,365,50,6,0,-1,0,-8,26,1,0
533,9/25/2022,3,LAC,JAX,Craig Wrolstad,10,312,54,7,0,2,5,-28,-101,1,0
534,9/25/2022,3,NE,BAL,Bill Vinovich,26,447,16,3,0,2,1,-11,53,1,0
535,9/25/2022,3,NYJ,CIN,Jerome Boger,12,328,55,4,0,3,-1,-15,-2,1,0
536,9/25/2022,3,SEA,ATL,Tra Blake,23,420,47,6,0,-1,4,-4,34,1,0
537,9/25/2022,3,TB,GB,Scott Novak,12,285,40,6,0,0,-2,-2,-30,1,0
538,9/25/2022,3,WAS,PHI,Ron Torbert,8,240,48,4,0,1,-1,-16,-160,1,0
539,9/25/2023,3,TB,PHI,Adrian Hill,11,174,20,4,0,0,1,-14,-298,1,0
540,9/26/2022,3,NYG,DAL,Land Clark,16,336,57,8,0,1,0,-7,-55,1,0
541,9/28/2023,4,GB,DET,Alan Eck,20,230,31,4,0,1,-4,-14,-171,1,0
542,9/7/2023,1,KC,DET,John Hussey,20,316,25,3,0,0,-1,-1,-52,1,0
543,9/8/2022,1,LAR,BUF,Carl Cheffers,10,243,30,4,0,-1,-1,-21,-170,1,0
544,1/1/2023,17,PIT,BAL,Land Clark,16,351,43,6,1,-1,2,3,111,0,0
545,1/1/2023,17,JAX,HOU,Scott Novak,31,337,30,2,1,1,-5,28,60,0,0
546,1/1/2023,17,SF,LV,Clay Martin,37,454,71,9,1,-1,3,3,-46,0,0
547,1/1/2023,17,NO,PHI,Jerome Boger,20,313,20,3,1,0,-5,10,0,0,0
548,1/1/2023,17,CLE,WAS,Bill Vinovich,24,301,20,3,1,-3,-2,14,41,0,0
549,1/6/2024,18,PIT,BAL,Brad Allen,17,289,25,4,1,0,1,7,65,0,0
550,1/6/2024,18,HOU,IND,Bill Vinovich,23,306,69,11,1,-1,8,4,-54,0,0
551,1/7/2023,18,KC,LV,Scott Novak,31,349,43,5,1,-2,-1,18,70,0,0
552,1/7/2024,18,SEA,ARI,Adrian Hill,21,327,0,0,1,0,-5,1,-139,0,0
553,1/7/2024,18,TB,CAR,Clete Blakeman,9,228,15,3,1,-2,0,9,29,0,0
554,1/7/2024,18,KC,LAC,Scott Novak,13,268,57,3,1,0,2,1,-85,0,0
555,1/7/2024,18,BUF,MIA,Alex Kemp,21,473,41,6,1,1,2,7,198,0,0
556,1/7/2024,18,NYJ,NE,Land Clark,17,254,5,1,1,-1,-3,14,135,0,0
557,1/7/2024,18,LAR,SF,Clay Martin,21,258,8,2,1,0,-3,1,-42,0,0
558,1/7/2024,18,DAL,WAS,Shawn Smith,38,440,20,2,1,-2,-2,28,260,0,0
559,1/8/2023,18,MIN,CHI,Brad Allen,29,482,41,8,1,0,6,16,223,0,0
560,1/8/2023,18,DET,GB,Brad Rogers,20,323,75,5,1,-2,1,4,32,0,0
561,1/8/2023,18,HOU,IND,Jerome Boger,32,360,41,7,1,0,5,1,-38,0,0
562,1/8/2023,18,CAR,NO,Alex Kemp,10,203,20,2,1,1,0,3,-101,0,0
563,10/1/2023,4,MIN,CAR,Tra Blake,21,265,37,7,1,1,1,8,33,0,0
564,10/1/2023,4,DEN,CHI,Carl Cheffers,31,311,39,7,1,-2,-3,3,-160,0,0
565,10/1/2023,4,BAL,CLE,Brad Allen,28,296,92,8,1,-2,1,25,130,0,0
566,10/1/2023,4,LAR,IND,Land Clark,29,467,85,8,1,0,0,6,138,0,0
567,10/1/2023,4,TB,NO,Shawn Hochuli,26,353,91,11,1,-2,4,17,156,0,0
568,10/1/2023,4,KC,NYJ,Alex Kemp,23,401,46,5,1,1,-2,3,65,0,0
569,10/13/2022,6,WAS,CHI,Adrian Hill,12,214,36,7,1,-2,3,5,-177,0,0
570,10/15/2023,6,WAS,ATL,Clete Blakeman,24,193,40,6,1,-3,2,8,-209,0,0
571,10/15/2023,6,MIN,CHI,Brad Allen,19,220,63,5,1,-2,0,6,-55,0,0
572,10/15/2023,6,DET,TB,Clay Martin,20,380,35,5,1,-1,0,14,129,0,0
573,10/15/2023,6,BAL,TEN,Bill Vinovich,24,360,88,9,1,-1,3,8,127,0,0
574,10/16/2022,6,NE,CLE,Scott Novak,38,399,92,12,1,-3,5,23,71,0,0
575,10/16/2022,6,NYJ,GB,Clete Blakeman,27,278,79,7,1,-1,0,17,0,0,0
576,10/16/2022,6,BUF,KC,Brad Allen,24,443,35,7,1,-1,2,4,56,0,0
577,10/16/2022,6,MIN,MIA,Brad Rogers,24,234,20,2,1,-3,-8,8,-224,0,0
578,10/16/2022,6,CIN,NO,Land Clark,30,348,30,3,1,1,-1,4,-51,0,0
579,10/16/2023,6,DAL,LAC,Land Clark,20,342,85,11,1,0,2,3,70,0,0
580,10/19/2023,7,JAX,NO,Land Clark,31,330,42,5,1,1,2,7,-77,0,0
581,10/2/2022,4,BUF,BAL,Jerome Boger,23,326,31,4,1,0,-5,3,30,0,0
582,10/2/2022,4,ARI,CAR,John Hussey,26,338,61,7,1,-2,1,10,118,0,0
583,10/2/2022,4,SEA,DET,Clay Martin,48,555,76,11,1,-1,3,3,35,0,0
584,10/2/2022,4,LAC,HOU,Alex Kemp,34,419,61,6,1,-1,-3,10,73,0,0
585,10/2/2022,4,TEN,IND,Scott Novak,24,243,40,6,1,-3,-1,7,-122,0,0
586,10/2/2022,4,MIN,NO,Clete Blakeman,28,344,35,5,1,-1,-5,3,6,0,0
587,10/2/2022,4,NYJ,PIT,Brad Rogers,24,348,64,7,1,-2,-1,4,51,0,0
588,10/2/2022,4,KC,TB,Bill Vinovich,41,417,32,4,1,-1,-1,10,41,0,0
589,10/2/2023,4,SEA,NYG,Brad Rogers,24,281,74,8,1,-3,2,21,33,0,0
590,10/22/2023,7,CLE,IND,Shawn Smith,39,316,20,4,1,-2,-4,1,-140,0,0
591,10/22/2023,7,PIT,LAR,Craig Wrolstad,24,300,76,8,1,-1,3,7,-54,0,0
592,10/22/2023,7,ATL,TB,Ron Torbert,16,401,60,9,1,1,0,3,72,0,0
593,10/23/2022,7,NYJ,DEN,Bill Vinovich,16,260,85,11,1,-1,7,7,-64,0,0
594,10/23/2022,7,NYG,JAX,Tra Blake,23,436,67,8,1,-1,-5,6,-16,0,0
595,10/23/2022,7,SEA,LAC,Land Clark,37,404,68,7,1,0,0,14,75,0,0
596,10/23/2022,7,KC,SF,Alex Kemp,44,529,84,8,1,-1,-2,21,85,0,0
597,10/24/2022,7,CHI,NE,Brad Allen,33,390,35,4,1,-3,0,19,130,0,0
598,10/27/2022,8,BAL,TB,Carl Cheffers,27,453,101,7,1,-1,3,5,104,0,0
599,10/29/2023,8,BAL,ARI,Tra Blake,31,268,45,6,1,-2,0,7,-42,0,0
600,10/29/2023,8,MIN,GB,Shawn Hochuli,24,346,35,7,1,0,-4,14,76,0,0
601,10/29/2023,8,NO,IND,Craig Wrolstad,38,511,73,8,1,0,2,11,140,0,0
602,10/29/2023,8,NYJ,NYG,Shawn Smith,13,251,85,9,1,2,3,3,57,0,0
603,10/29/2023,8,JAX,PIT,Alan Eck,20,377,72,6,1,1,0,10,116,0,0
604,10/29/2023,8,CIN,SF,Ron Torbert,31,400,15,1,1,-2,-4,14,-60,0,0
605,10/29/2023,8,PHI,WAS,Carl Cheffers,38,374,14,3,1,1,-4,7,-98,0,0
606,10/30/2022,8,MIA,DET,Alex Kemp,31,476,55,7,1,1,1,4,83,0,0
607,10/30/2022,8,TEN,HOU,Clay Martin,17,354,35,6,1,1,0,7,193,0,0
608,10/30/2022,8,WAS,IND,Craig Wrolstad,17,362,52,3,1,-1,0,1,38,0,0
609,10/30/2022,8,DEN,JAX,Adrian Hill,21,331,81,12,1,-1,7,4,26,0,0
610,10/30/2022,8,SF,LAR,John Hussey,31,368,8,3,1,0,-1,17,145,0,0
611,10/30/2022,8,NE,NYJ,Shawn Smith,22,288,54,6,1,-2,2,5,-99,0,0
612,10/5/2023,5,CHI,WAS,Scott Novak,40,451,35,3,1,-2,2,20,63,0,0
613,10/6/2022,5,IND,DEN,Brad Rogers,12,306,64,8,1,0,1,3,-69,0,0
614,10/8/2023,5,CIN,ARI,Clay Martin,34,380,40,4,1,-2,2,14,86,0,0
615,10/8/2023,5,JAX,BUF,Shawn Smith,25,474,56,8,1,0,-3,5,86,0,0
616,10/8/2023,5,NYJ,DEN,John Hussey,31,407,71,9,1,-1,5,10,99,0,0
617,10/8/2023,5,PHI,LAR,Bill Vinovich,23,454,35,3,1,1,-2,9,205,0,0
618,10/8/2023,5,KC,MIN,Land Clark,27,333,86,10,1,-1,6,7,4,0,0
619,10/8/2023,5,NO,NE,Alex Kemp,34,304,86,12,1,-3,7,34,148,0,0
620,10/9/2022,5,PHI,ARI,Tra Blake,20,357,30,3,1,-1,1,3,-6,0,0
621,10/9/2022,5,SF,CAR,Shawn Smith,37,397,50,9,1,0,4,22,89,0,0
622,10/9/2022,5,LAC,CLE,Adrian Hill,30,465,17,4,1,-1,-2,2,22,0,0
623,10/9/2022,5,NYG,GB,Alex Kemp,27,338,63,6,1,0,-1,5,37,0,0
624,10/9/2022,5,HOU,JAX,Ron Torbert,13,248,25,4,1,-2,-2,7,-174,0,0
625,10/9/2022,5,DAL,LAR,Bill Vinovich,22,239,42,5,1,-3,2,12,-84,0,0
626,10/9/2022,5,TEN,WAS,Land Clark,21,241,69,8,1,-1,-1,4,-144,0,0
627,11/12/2023,10,CLE,BAL,Land Clark,33,373,55,10,1,0,3,2,67,0,0
628,11/12/2023,10,HOU,CIN,Carl Cheffers,30,544,50,7,1,1,3,3,164,0,0
629,11/12/2023,10,SF,JAX,Brad Allen,34,437,90,7,1,-4,2,31,216,0,0
630,11/12/2023,10,DET,LAC,Shawn Smith,41,533,44,4,1,-1,1,3,112,0,0
631,11/12/2023,10,IND,NE,Tra Blake,10,264,34,4,1,-1,-1,4,-76,0,0
632,11/13/2022,10,MIN,BUF,Craig Wrolstad,33,481,64,7,1,-2,0,3,-5,0,0
633,11/13/2022,10,DET,CHI,Land Clark,31,323,15,2,1,-1,-7,1,-85,0,0
634,11/13/2022,10,ARI,LAR,Clete Blakeman,27,298,67,10,1,-2,5,10,42,0,0
635,11/13/2022,10,IND,LV,Tra Blake,25,415,25,4,1,1,-6,5,106,0,0
636,11/13/2023,10,DEN,BUF,Bill Vinovich,24,300,61,10,1,-3,5,2,-69,0,0
637,11/14/2022,10,WAS,PHI,Alex Kemp,32,330,58,5,1,-2,-2,11,66,0,0
638,11/17/2022,11,TEN,GB,Bill Vinovich,27,408,20,2,1,1,-3,10,137,0,0
639,11/19/2023,11,DAL,CAR,Clay Martin,33,311,45,5,1,-2,-3,23,124,0,0
640,11/19/2023,11,NYG,WAS,Brad Allen,31,292,33,5,1,-6,4,12,-112,0,0
641,11/20/2022,11,LV,DEN,Shawn Smith,22,407,98,9,1,0,4,6,87,0,0
642,11/20/2022,11,WAS,HOU,Scott Novak,23,344,36,5,1,-2,3,13,196,0,0
643,11/20/2022,11,PHI,IND,Land Clark,17,314,55,7,1,1,-1,1,30,0,0
644,11/20/2022,11,KC,LAC,Shawn Hochuli,30,485,54,4,1,-1,0,3,120,0,0
645,11/20/2022,11,DAL,MIN,Clay Martin,40,458,39,6,1,-1,-1,37,275,0,0
646,11/20/2022,11,DET,NYG,Brad Rogers,31,325,45,5,1,-3,-3,13,-88,0,0
647,11/20/2022,11,CIN,PIT,Brad Allen,37,408,44,6,1,2,-2,7,57,0,0
648,11/20/2023,11,PHI,KC,Shawn Smith,21,238,61,7,1,-1,0,4,-98,0,0
649,11/21/2022,11,SF,ARI,Craig Wrolstad,38,387,30,3,1,-2,-2,28,73,0,0
650,11/23/2023,12,GB,DET,Carl Cheffers,29,377,60,7,1,-3,0,7,-87,0,0
651,11/23/2023,12,SF,SEA,Tra Blake,31,377,20,3,1,-1,-2,18,157,0,0
652,11/24/2022,12,BUF,DET,Clete Blakeman,28,401,36,5,1,-1,2,3,75,0,0
653,11/24/2023,12,MIA,NYJ,John Hussey,34,395,38,6,1,1,0,21,236,0,0
654,11/26/2023,12,LAR,ARI,Shawn Smith,37,457,23,5,1,1,0,23,165,0,0
655,11/26/2023,12,PIT,CIN,Brad Rogers,16,421,55,5,1,0,0,6,199,0,0
656,11/26/2023,12,JAX,HOU,Clay Martin,24,445,35,6,1,1,-1,3,93,0,0
657,11/26/2023,12,BAL,LAC,Alan Eck,20,361,42,5,1,-4,0,10,82,0,0
658,11/26/2023,12,KC,LV,Land Clark,31,360,40,4,1,0,4,14,2,0,0
659,11/27/2022,12,LAC,ARI,Ron Torbert,25,311,30,4,1,-2,1,1,-55,0,0
660,11/27/2022,12,LV,SEA,Brad Allen,40,576,50,7,1,0,5,6,204,0,0
661,11/27/2022,12,CIN,TEN,Carl Cheffers,20,374,80,9,1,0,1,4,30,0,0
662,11/27/2023,12,CHI,MIN,Alex Kemp,12,317,76,7,1,-2,3,2,75,0,0
663,11/28/2022,12,PIT,IND,Bill Vinovich,24,323,19,3,1,-2,1,7,33,0,0
664,11/3/2022,9,PHI,HOU,Craig Wrolstad,29,360,31,4,1,-1,0,12,57,0,0
665,11/5/2023,9,MIN,ATL,Shawn Smith,31,363,4,1,1,0,-7,3,-7,0,0
666,11/5/2023,9,IND,CAR,Bill Vinovich,27,198,25,5,1,-2,-5,14,-77,0,0
667,11/5/2023,9,WAS,NE,Adrian Hill,20,432,30,4,1,1,0,3,105,0,0
668,11/6/2022,9,SEA,ARI,Carl Cheffers,31,421,34,6,1,0,-6,10,159,0,0
669,11/6/2022,9,LAC,ATL,John Hussey,20,336,45,5,1,0,3,3,21,0,0
670,11/6/2022,9,MIA,CHI,Ron Torbert,35,379,38,3,1,0,-1,3,11,0,0
671,11/6/2022,9,MIN,WAS,Jerome Boger,20,301,42,5,1,0,2,3,38,0,0
672,11/6/2023,9,LAC,NYJ,Craig Wrolstad,27,191,39,4,1,-3,-4,21,-79,0,0
673,11/7/2022,9,BAL,NO,Brad Rogers,27,319,31,5,1,-1,0,14,76,0,0
674,12/1/2022,13,BUF,NE,Shawn Hochuli,24,355,47,6,1,1,0,14,113,0,0
675,12/10/2023,14,TB,ATL,Alex Kemp,29,290,26,4,1,-1,2,4,-144,0,0
676,12/10/2023,14,BUF,KC,Carl Cheffers,20,327,35,4,1,-1,-3,3,-19,0,0
677,12/10/2023,14,DEN,LAC,Clete Blakeman,24,322,26,4,1,-1,2,17,39,0,0
678,12/10/2023,14,MIN,LV,Craig Wrolstad,3,231,36,5,1,-3,1,3,29,0,0
679,12/11/2022,14,KC,DEN,Craig Wrolstad,34,431,70,4,1,1,-2,6,111,0,0
680,12/11/2022,14,PHI,NYG,Clete Blakeman,48,437,9,2,1,-1,-3,26,133,0,0
681,12/11/2022,14,BAL,PIT,Adrian Hill,16,309,46,5,1,-3,3,2,-20,0,0
682,12/11/2022,14,CAR,SEA,Bill Vinovich,30,328,29,6,1,-2,3,6,41,0,0
683,12/11/2022,14,JAX,TEN,Clay Martin,36,428,70,9,1,-4,4,14,64,0,0
684,12/11/2023,14,TEN,MIA,Adrian Hill,28,403,59,9,1,2,2,1,37,0,0
685,12/12/2022,14,NE,ARI,Shawn Smith,27,328,80,8,1,-1,0,14,5,0,0
686,12/15/2022,15,SF,SEA,Alex Kemp,21,381,60,7,1,-1,-1,8,104,0,0
687,12/17/2023,15,SF,ARI,Scott Novak,45,406,5,1,1,-2,-3,16,-30,0,0
688,12/17/2023,15,TB,GB,Tra Blake,34,452,52,4,1,0,0,14,131,0,0
689,12/17/2023,15,BAL,JAX,Shawn Smith,23,396,54,6,1,-1,0,16,63,0,0
690,12/17/2023,15,KC,NE,Shawn Hochuli,27,326,15,2,1,1,-3,10,120,0,0
691,12/17/2023,15,HOU,TEN,Clete Blakeman,19,340,67,8,1,0,3,3,136,0,0
692,12/18/2022,15,PIT,CAR,Scott Novak,24,325,81,7,1,0,2,8,116,0,0
693,12/18/2022,15,PHI,CHI,Brad Rogers,25,421,25,2,1,2,-4,5,173,0,0
694,12/18/2022,15,KC,HOU,Carl Cheffers,30,502,102,10,1,1,6,6,283,0,0
695,12/18/2022,15,DET,NYJ,Craig Wrolstad,20,359,52,6,1,-1,4,3,22,0,0
696,12/18/2022,15,CIN,TB,Adrian Hill,34,237,27,4,1,-3,-3,11,-159,0,0
697,12/18/2022,15,NYG,WAS,John Hussey,20,288,30,5,1,-2,-1,8,-99,0,0
698,12/22/2022,16,JAX,NYJ,Brad Allen,19,365,25,3,1,-1,-6,16,138,0,0
699,12/23/2023,16,BUF,LAC,Adrian Hill,24,335,64,7,1,3,1,2,62,0,0
700,12/24/2022,16,BUF,CHI,Carl Cheffers,35,426,72,9,1,1,7,22,217,0,0
701,12/24/2022,16,NO,CLE,Brad Rogers,17,244,15,2,1,0,-2,7,-5,0,0
702,12/24/2022,16,CIN,NE,Craig Wrolstad,22,442,62,8,1,2,-2,4,157,0,0
703,12/24/2022,16,HOU,TEN,Shawn Smith,19,285,35,4,1,-2,-1,5,13,0,0
704,12/24/2023,16,GB,CAR,Alex Kemp,33,369,67,6,1,0,-2,3,-25,0,0
705,12/24/2023,16,NE,DEN,Carl Cheffers,26,289,25,3,1,-1,1,3,13,0,0
706,12/24/2023,16,CLE,HOU,Tra Blake,36,418,55,9,1,0,-1,14,168,0,0
707,12/24/2023,16,DET,MIN,Land Clark,30,389,52,9,1,-3,1,6,-1,0,0
708,12/24/2023,16,SEA,TEN,Shawn Smith,20,273,47,6,1,0,-4,3,-14,0,0
709,12/25/2022,16,TB,ARI,John Hussey,19,396,30,5,1,-1,-1,3,71,0,0
710,12/25/2022,16,GB,MIA,Land Clark,26,301,40,5,1,-3,-3,6,-75,0,0
711,12/25/2023,16,LV,KC,Clete Blakeman,20,205,20,4,1,-2,-1,6,-103,0,0
712,12/25/2023,16,BAL,SF,Bill Vinovich,33,343,67,6,1,-5,-4,14,-86,0,0
713,12/26/2022,16,LAC,IND,Clay Martin,20,314,60,6,1,-1,4,17,141,0,0
714,12/29/2022,17,DAL,TEN,Shawn Hochuli,27,361,35,3,1,1,-7,14,44,0,0
715,12/3/2023,13,LAC,NE,Bill Vinovich,6,241,20,4,1,-1,1,6,-16,0,0
716,12/3/2023,13,DET,NO,Clay Martin,33,347,45,6,1,-2,0,5,-15,0,0
717,12/3/2023,13,ATL,NYJ,Ron Torbert,13,194,55,6,1,-3,-5,5,-65,0,0
718,12/3/2023,13,SF,PHI,Alex Kemp,42,456,47,5,1,0,-2,23,123,0,0
719,12/3/2023,13,ARI,PIT,Land Clark,24,282,51,6,1,-1,-3,14,-35,0,0
720,12/3/2023,13,IND,TEN,Craig Wrolstad,31,355,29,4,1,0,-5,3,-26,0,0
721,12/3/2023,13,MIA,WAS,Tra Blake,45,406,15,2,1,-1,-1,30,161,0,0
722,12/31/2023,17,GB,MIN,Clay Martin,33,470,32,4,1,-1,-2,23,259,0,0
723,12/31/2023,17,LAR,NYG,Tra Blake,26,391,28,3,1,2,-4,1,2,0,0
724,12/31/2023,17,ARI,PHI,Bill Vinovich,35,449,25,5,1,0,1,4,174,0,0
725,12/31/2023,17,PIT,SEA,Shawn Hochuli,30,468,10,2,1,-1,-2,7,99,0,0
726,12/31/2023,17,NO,TB,Land Clark,23,310,31,5,1,-4,0,10,-39,0,0
727,12/31/2023,17,SF,WAS,Ron Torbert,27,408,20,3,1,-2,-2,17,183,0,0
728,12/4/2022,13,PIT,ATL,Ron Torbert,19,351,30,7,1,-1,1,3,45,0,0
729,12/4/2022,13,GB,CHI,Scott Novak,28,357,20,2,1,-3,-3,9,-52,0,0
730,12/4/2022,13,CLE,HOU,Land Clark,27,304,56,6,1,-2,1,13,21,0,0
731,12/4/2022,13,SEA,LAR,Shawn Smith,27,438,42,6,1,0,2,4,119,0,0
733,12/4/2023,13,CIN,JAX,Scott Novak,34,491,35,6,1,1,-1,3,115,0,0
734,12/7/2023,14,NE,PIT,Clay Martin,21,303,59,7,1,0,6,3,39,0,0
735,9/10/2023,1,GB,CHI,Craig Wrolstad,38,329,90,9,1,-2,2,18,18,0,0
736,9/10/2023,1,LV,DEN,Bill Vinovich,17,261,97,10,1,1,0,1,1,0,0
737,9/10/2023,1,JAX,IND,Clay Martin,31,342,45,4,1,-1,0,10,62,0,0
738,9/10/2023,1,MIA,LAC,Brad Allen,36,536,38,6,1,2,0,2,103,0,0
739,9/10/2023,1,TB,MIN,Scott Novak,20,242,19,3,1,-3,-3,3,-127,0,0
740,9/10/2023,1,PHI,NE,Shawn Hochuli,25,251,49,5,1,-1,-2,5,-131,0,0
741,9/10/2023,1,DAL,NYG,Adrian Hill,40,265,35,5,1,-3,-1,40,94,0,0
742,9/10/2023,1,SF,PIT,Alex Kemp,30,391,85,11,1,-1,5,23,152,0,0
743,9/10/2023,1,LAR,SEA,Shawn Smith,30,426,53,7,1,0,0,17,246,0,0
744,9/11/2022,1,KC,ARI,Scott Novak,44,488,25,3,1,1,-2,23,206,0,0
745,9/11/2022,1,NO,ATL,Alex Kemp,27,385,99,8,1,-1,0,1,-31,0,0
746,9/11/2022,1,CLE,CAR,Brad Rogers,26,355,71,9,1,-1,1,2,94,0,0
747,9/11/2022,1,PIT,CIN,Shawn Hochuli,23,267,59,8,1,-5,4,3,-165,0,0
748,9/11/2022,1,TB,DAL,Ron Torbert,19,347,25,5,1,0,-5,16,103,0,0
749,9/11/2022,1,PHI,DET,Brad Allen,38,455,61,10,1,-1,3,3,69,0,0
750,9/11/2022,1,BAL,NYJ,Craig Wrolstad,24,274,29,5,1,-1,-1,15,-106,0,0
751,9/11/2022,1,NYG,TEN,Jerome Boger,21,394,45,8,1,1,1,1,35,0,0
752,9/17/2023,2,NYG,ARI,Land Clark,31,439,75,9,1,1,1,3,60,0,0
753,9/17/2023,2,BAL,CIN,Shawn Hochuli,27,415,56,6,1,-1,1,3,133,0,0
754,9/17/2023,2,WAS,DEN,Brad Rogers,35,388,71,8,1,-2,-1,2,-11,0,0
755,9/17/2023,2,SEA,DET,Alex Kemp,37,393,80,9,1,-3,5,6,-25,0,0
756,9/17/2023,2,IND,HOU,Carl Cheffers,31,353,42,8,1,-1,5,11,-36,0,0
757,9/17/2023,2,KC,JAX,Adrian Hill,17,399,94,12,1,2,10,8,128,0,0
758,9/17/2023,2,SF,LAR,Brad Allen,30,365,57,6,1,-2,0,7,-21,0,0
759,9/17/2023,2,MIA,NE,Shawn Smith,24,389,46,6,1,-1,1,7,101,0,0
760,9/18/2022,2,MIA,BAL,Adrian Hill,42,547,51,8,1,2,7,4,74,0,0
761,9/18/2022,2,NYJ,CLE,Tra Blake,31,402,57,8,1,0,3,1,-3,0,0
762,9/18/2022,2,ARI,LV,Clete Blakeman,29,413,120,12,1,0,2,6,89,0,0
763,9/18/2022,2,TB,NO,Shawn Hochuli,20,260,101,8,1,-4,-1,10,-48,0,0
764,9/18/2022,2,NE,PIT,Land Clark,17,376,55,7,1,-1,4,3,133,0,0
765,9/18/2023,2,NO,CAR,Scott Novak,20,341,32,3,1,0,-3,3,102,0,0
766,9/24/2023,3,IND,BAL,Clete Blakeman,22,327,31,6,1,-2,5,3,-37,0,0
767,9/24/2023,3,HOU,JAX,Scott Novak,37,366,75,8,1,-2,2,20,-38,0,0
768,9/24/2023,3,PIT,LV,Tra Blake,23,333,45,6,1,-3,-1,5,-29,0,0
769,9/24/2023,3,LAC,MIN,Shawn Smith,28,475,94,12,1,-1,6,4,0,0,0
770,9/24/2023,3,NE,NYJ,Bill Vinovich,15,358,43,6,1,0,3,5,187,0,0
771,9/24/2023,3,BUF,WAS,Land Clark,37,386,45,6,1,-4,4,34,156,0,0
772,9/25/2022,3,LAR,ARI,Adrian Hill,20,339,35,6,1,1,0,8,-26,0,0
773,9/25/2022,3,JAX,LAC,Craig Wrolstad,38,413,10,2,1,-2,-5,28,101,0,0
774,9/25/2022,3,BAL,NE,Bill Vinovich,37,394,10,2,1,-2,-1,11,-53,0,0
775,9/25/2022,3,CIN,NYJ,Jerome Boger,27,330,30,5,1,-3,1,15,2,0,0
776,9/25/2022,3,ATL,SEA,Tra Blake,27,386,15,2,1,1,-4,4,-34,0,0
777,9/25/2022,3,GB,TB,Scott Novak,14,315,65,8,1,0,2,2,30,0,0
778,9/25/2022,3,PHI,WAS,Ron Torbert,24,400,52,5,1,-1,1,16,160,0,0
779,9/25/2023,3,PHI,TB,Adrian Hill,25,472,20,3,1,0,-1,14,298,0,0
780,9/26/2022,3,DAL,NYG,Land Clark,23,391,70,8,1,-1,0,7,55,0,0
781,9/28/2023,4,DET,GB,Alan Eck,34,401,70,8,1,-1,4,14,171,0,0
782,9/7/2023,1,DET,KC,John Hussey,21,368,63,4,1,0,1,1,52,0,0
783,9/8/2022,1,BUF,LAR,Carl Cheffers,31,413,35,5,1,1,1,21,170,0,0
784,1/1/2023,17,ARI,ATL,Alex Kemp,19,339,50,8,0,-1,3,-1,41,0,0
785,1/1/2023,17,CHI,DET,Adrian Hill,10,230,49,3,0,2,-3,-31,-274,0,0
786,1/1/2023,17,MIN,GB,Carl Cheffers,17,346,35,6,0,4,3,-24,31,0,0
787,1/1/2023,17,DEN,KC,Tra Blake,24,307,23,3,0,0,-2,-3,-67,0,0
788,1/1/2023,17,LAR,LAC,Clete Blakeman,10,277,22,3,0,1,1,-21,-154,0,0
789,1/1/2023,17,MIA,NE,Brad Allen,21,333,71,9,0,2,3,-2,84,0,0
790,1/1/2023,17,IND,NYG,Craig Wrolstad,10,252,60,7,0,0,4,-28,-142,0,0
791,1/1/2023,17,NYJ,SEA,Ron Torbert,6,279,10,2,0,3,-3,-17,-67,0,0
792,1/1/2023,17,CAR,TB,Brad Rogers,24,400,58,8,0,2,0,-6,-78,0,0
793,1/7/2023,18,TEN,JAX,Bill Vinovich,16,312,40,6,0,1,2,-4,90,0,0
794,1/7/2024,18,CLE,CIN,Alan Eck,14,244,35,7,0,1,6,-17,-84,0,0
795,1/7/2024,18,MIN,DET,Brad Rogers,20,448,77,8,0,2,4,-10,67,0,0
796,1/7/2024,18,CHI,GB,Carl Cheffers,9,192,10,1,0,-1,0,-8,-240,0,0
797,1/7/2024,18,DEN,LV,Shawn Hochuli,14,286,35,4,0,1,4,-13,-73,0,0
798,1/7/2024,18,ATL,NO,John Hussey,17,389,75,8,0,3,5,-31,-11,0,0
799,1/7/2024,18,PHI,NYG,Craig Wrolstad,10,299,10,2,0,3,-1,-17,-116,0,0
800,1/7/2024,18,JAX,TEN,Tra Blake,20,362,40,6,0,1,1,-8,35,0,0
801,1/8/2023,18,TB,ATL,Land Clark,17,222,30,3,0,0,1,-13,-160,0,0
802,1/8/2023,18,NE,BUF,Clay Martin,23,341,20,2,0,0,0,-12,14,0,0
803,1/8/2023,18,BAL,CIN,Ron Torbert,16,386,22,5,0,3,2,-11,129,0,0
804,1/8/2023,18,LAC,DEN,Shawn Hochuli,28,352,34,5,0,0,2,-3,-119,0,0
805,1/8/2023,18,NYJ,MIA,John Hussey,6,187,54,6,0,0,1,-5,-115,0,0
806,1/8/2023,18,NYG,PHI,Carl Cheffers,16,284,66,8,0,-1,4,-6,-58,0,0
807,1/8/2023,18,CLE,PIT,Clete Blakeman,14,307,65,9,0,1,5,-14,-26,0,0
808,1/8/2023,18,LAR,SEA,Craig Wrolstad,16,269,35,3,0,-1,-1,-3,-133,0,0
809,1/8/2023,18,ARI,SF,Adrian Hill,13,255,50,7,0,4,5,-25,-56,0,0
810,1/8/2023,18,DAL,WAS,Tra Blake,6,182,74,6,0,1,4,-20,-127,0,0
811,10/1/2023,4,MIA,BUF,Adrian Hill,20,393,98,8,0,2,4,-28,-21,0,0
812,10/1/2023,4,NE,DAL,Scott Novak,3,253,50,6,0,3,1,-35,-124,0,0
813,10/1/2023,4,PIT,HOU,Bill Vinovich,6,225,18,2,0,1,-6,-24,-226,0,0
814,10/1/2023,4,ATL,JAX,Craig Wrolstad,7,287,50,3,0,3,0,-16,-13,0,0
815,10/1/2023,4,LV,LAC,John Hussey,17,264,80,9,0,2,5,-7,-41,0,0
816,10/1/2023,4,WAS,PHI,Ron Torbert,31,365,41,7,0,0,-4,-3,-50,0,0
817,10/1/2023,4,ARI,SF,Clete Blakeman,16,362,55,9,0,0,5,-19,-33,0,0
818,10/1/2023,4,CIN,TEN,Shawn Smith,3,211,40,5,0,0,0,-24,-189,0,0
819,10/10/2022,5,LV,KC,Carl Cheffers,29,378,99,11,0,0,6,-1,10,0,0
820,10/12/2023,6,DEN,KC,Shawn Hochuli,8,197,34,3,0,2,-4,-11,-192,0,0
821,10/15/2023,6,NYG,BUF,Tra Blake,9,317,65,9,0,-2,2,-5,20,0,0
822,10/15/2023,6,SEA,CIN,Adrian Hill,13,384,64,7,0,1,2,-4,170,0,0
823,10/15/2023,6,SF,CLE,John Hussey,17,215,105,12,0,-1,-1,-2,-119,0,0
824,10/15/2023,6,NO,HOU,Alan Eck,13,430,83,7,0,1,4,-7,133,0,0
825,10/15/2023,6,IND,JAX,Alex Kemp,20,354,46,6,0,3,1,-17,121,0,0
826,10/15/2023,6,ARI,LAR,Ron Torbert,9,345,36,5,0,1,-1,-17,-37,0,0
827,10/15/2023,6,NE,LV,Brad Rogers,17,259,79,10,0,0,4,-4,-89,0,0
828,10/15/2023,6,CAR,MIA,Craig Wrolstad,21,296,11,3,0,-1,0,-21,-128,0,0
829,10/15/2023,6,PHI,NYJ,Scott Novak,14,348,46,5,0,4,-4,-6,104,0,0
830,10/16/2022,6,SF,ATL,Carl Cheffers,14,346,30,5,0,3,0,-14,57,0,0
831,10/16/2022,6,JAX,IND,Jerome Boger,27,379,44,4,0,1,-3,-7,-55,0,0
832,10/16/2022,6,CAR,LAR,Tra Blake,10,203,30,3,0,0,-4,-14,-157,0,0
833,10/16/2022,6,BAL,NYG,Clay Martin,20,406,74,10,0,1,7,-4,168,0,0
834,10/16/2022,6,DAL,PHI,John Hussey,17,315,72,10,0,3,8,-9,47,0,0
835,10/16/2022,6,TB,PIT,Shawn Smith,18,304,42,6,0,0,-1,-2,34,0,0
836,10/16/2022,6,ARI,SEA,Shawn Hochuli,9,315,53,6,0,1,0,-10,19,0,0
837,10/17/2022,6,DEN,LAC,Ron Torbert,16,258,151,10,0,0,1,-3,-39,0,0
838,10/2/2022,4,CLE,ATL,Craig Wrolstad,20,403,51,7,0,1,6,-3,70,0,0
839,10/2/2022,4,WAS,DAL,Shawn Smith,10,297,136,11,0,2,7,-15,18,0,0
840,10/2/2022,4,NE,GB,Adrian Hill,24,271,75,7,0,-1,3,-3,-172,0,0
841,10/2/2022,4,DEN,LV,Land Clark,23,299,50,7,0,1,3,-9,-86,0,0
842,10/2/2022,4,CHI,NYG,Carl Cheffers,12,304,65,5,0,1,-2,-8,-29,0,0
843,10/2/2022,4,JAX,PHI,Shawn Hochuli,21,219,38,4,0,4,1,-8,-182,0,0
844,10/20/2022,7,NO,ARI,Jerome Boger,34,494,49,8,0,3,4,-8,168,0,0
845,10/22/2023,7,DET,BAL,Brad Rogers,6,337,57,5,0,0,1,-32,-166,0,0
846,10/22/2023,7,LV,CHI,Clay Martin,12,235,15,2,0,3,-7,-18,-88,0,0
847,10/22/2023,7,GB,DEN,Alex Kemp,17,331,56,7,0,1,-1,-2,-8,0,0
848,10/22/2023,7,LAC,KC,Tra Blake,17,358,43,4,0,0,-2,-14,-125,0,0
849,10/22/2023,7,BUF,NE,Clete Blakeman,25,339,46,9,0,1,1,-4,-25,0,0
850,10/22/2023,7,WAS,NYG,John Hussey,7,273,75,10,0,-1,6,-7,-83,0,0
851,10/22/2023,7,MIA,PHI,Brad Allen,17,244,70,10,0,-1,10,-14,-111,0,0
852,10/22/2023,7,ARI,SEA,Scott Novak,10,249,60,7,0,-3,2,-10,-69,0,0
853,10/23/2022,7,CLE,BAL,Shawn Smith,20,336,45,6,0,1,3,-3,82,0,0
854,10/23/2022,7,TB,CAR,Craig Wrolstad,3,322,30,4,0,0,1,-18,-21,0,0
855,10/23/2022,7,ATL,CIN,Clete Blakeman,17,214,22,3,0,0,-2,-18,-323,0,0
856,10/23/2022,7,DET,DAL,Adrian Hill,6,312,59,8,0,4,1,-18,-18,0,0
857,10/23/2022,7,HOU,LV,John Hussey,20,404,14,3,0,1,-2,-18,4,0,0
858,10/23/2022,7,PIT,MIA,Scott Novak,10,341,40,5,0,3,0,-6,-31,0,0
859,10/23/2022,7,IND,TEN,Ron Torbert,10,292,28,4,0,2,2,-9,38,0,0
860,10/23/2022,7,GB,WAS,Clay Martin,21,232,69,9,0,0,2,-2,-132,0,0
861,10/23/2023,7,SF,MIN,Carl Cheffers,17,325,37,5,0,2,0,-5,-127,0,0
862,10/26/2023,8,TB,BUF,Scott Novak,18,302,74,11,0,-1,2,-6,-125,0,0
863,10/29/2023,8,HOU,CAR,John Hussey,13,229,70,10,0,1,7,-2,5,0,0
864,10/29/2023,8,LAR,DAL,Adrian Hill,20,280,25,4,0,0,0,-23,-107,0,0
865,10/29/2023,8,KC,DEN,Brad Allen,9,274,38,5,0,4,-1,-15,34,0,0
866,10/29/2023,8,CHI,LAC,Brad Rogers,13,295,53,7,0,1,5,-17,-57,0,0
867,10/29/2023,8,NE,MIA,Land Clark,17,218,45,7,0,-1,4,-14,-172,0,0
868,10/29/2023,8,CLE,SEA,Bill Vinovich,20,385,25,4,0,1,-3,-4,23,0,0
869,10/29/2023,8,ATL,TEN,Clay Martin,23,342,15,3,0,0,-3,-5,-33,0,0
870,10/3/2022,4,LAR,SF,Brad Allen,9,257,5,1,0,2,-3,-15,-70,0,0
871,10/30/2022,8,CAR,ATL,Shawn Hochuli,34,478,74,9,0,-1,2,-3,72,0,0
872,10/30/2022,8,GB,BUF,Ron Torbert,17,398,58,8,0,-1,4,-10,29,0,0
873,10/30/2022,8,CHI,DAL,Brad Rogers,29,371,45,6,0,0,0,-20,-71,0,0
874,10/30/2022,8,ARI,MIN,Brad Allen,26,375,67,10,0,2,0,-8,-6,0,0
875,10/30/2022,8,LV,NO,Scott Novak,0,183,59,6,0,1,1,-24,-184,0,0
876,10/30/2022,8,PIT,PHI,Clete Blakeman,13,302,60,9,0,2,1,-22,-99,0,0
877,10/30/2022,8,NYG,SEA,Jerome Boger,13,225,53,6,0,1,3,-14,-52,0,0
878,10/30/2023,8,LV,DET,Clete Blakeman,14,157,40,4,0,-2,-1,-12,-329,0,0
879,10/31/2022,8,CIN,CLE,Bill Vinovich,13,229,6,2,0,0,-4,-19,-211,0,0
880,10/8/2023,5,HOU,ATL,Shawn Hochuli,19,313,25,5,0,-2,-2,-2,-134,0,0
881,10/8/2023,5,CAR,DET,Adrian Hill,24,342,45,7,0,3,2,-18,-35,0,0
882,10/8/2023,5,TEN,IND,Brad Rogers,16,348,58,4,0,1,-4,-7,-81,0,0
883,10/8/2023,5,NYG,MIA,Ron Torbert,16,268,43,6,0,-3,0,-15,-256,0,0
884,10/8/2023,5,BAL,PIT,Carl Cheffers,10,335,20,2,0,2,-1,-7,46,0,0
885,10/8/2023,5,DAL,SF,Alan Eck,10,197,60,6,0,3,0,-32,-224,0,0
886,10/9/2022,5,CIN,BAL,Scott Novak,17,291,20,4,0,0,-2,-2,-34,0,0
887,10/9/2022,5,PIT,BUF,John Hussey,3,364,54,6,0,0,1,-35,-188,0,0
888,10/9/2022,5,CHI,MIN,Shawn Hochuli,22,271,40,6,0,0,-1,-7,-158,0,0
889,10/9/2022,5,DET,NE,Craig Wrolstad,0,312,82,7,0,1,1,-29,-52,0,0
890,10/9/2022,5,SEA,NO,Brad Allen,32,396,85,12,0,-1,6,-7,-42,0,0
891,10/9/2022,5,MIA,NYJ,Clay Martin,17,295,102,11,0,2,6,-23,-27,0,0
892,10/9/2022,5,ATL,TB,Jerome Boger,15,261,55,6,0,0,0,-6,-159,0,0
893,10/9/2023,5,GB,LV,Brad Allen,13,285,18,3,0,2,-1,-4,6,0,0
894,11/10/2022,10,ATL,CAR,Adrian Hill,15,291,37,4,0,1,-6,-10,-42,0,0
895,11/12/2023,10,ATL,ARI,Craig Wrolstad,23,254,43,4,0,-1,-7,-2,-98,0,0
896,11/12/2023,10,NYG,DAL,Brad Rogers,17,172,5,2,0,-1,-7,-32,-468,0,0
897,11/12/2023,10,NYJ,LV,Shawn Hochuli,12,365,83,8,0,-1,5,-4,91,0,0
898,11/12/2023,10,NO,MIN,Adrian Hill,19,280,74,9,0,2,4,-8,-108,0,0
899,11/12/2023,10,GB,PIT,Scott Novak,19,399,32,5,0,2,2,-4,75,0,0
900,11/12/2023,10,WAS,SEA,Alex Kemp,26,356,39,6,0,1,-2,-3,-133,0,0
901,11/12/2023,10,TEN,TB,Alan Eck,6,209,35,5,0,0,-2,-14,-131,0,0
902,11/13/2022,10,DAL,GB,Brad Allen,28,421,83,9,0,0,3,-3,6,0,0
903,11/13/2022,10,JAX,KC,Brad Rogers,17,315,30,5,0,-3,5,-10,-171,0,0
904,11/13/2022,10,CLE,MIA,Shawn Hochuli,17,297,52,6,0,1,1,-22,-194,0,0
905,11/13/2022,10,HOU,NYG,Bill Vinovich,16,387,40,7,0,2,2,-8,20,0,0
906,11/13/2022,10,NO,PIT,Carl Cheffers,10,186,74,10,0,2,7,-10,-193,0,0
907,11/13/2022,10,LAC,SF,Shawn Smith,16,238,5,1,0,0,-4,-6,-149,0,0
908,11/13/2022,10,SEA,TB,John Hussey,16,283,46,6,0,-1,2,-5,-136,0,0
909,11/13/2022,10,DEN,TEN,Scott Novak,10,313,50,8,0,0,-1,-7,6,0,0
910,11/16/2023,11,CIN,BAL,Adrian Hill,20,272,78,9,0,0,0,-14,-133,0,0
911,11/19/2023,11,NYJ,BUF,Alan Eck,6,155,35,5,0,3,-3,-26,-238,0,0
912,11/19/2023,11,PIT,CLE,Shawn Hochuli,10,249,46,6,0,-1,5,-3,-10,0,0
913,11/19/2023,11,MIN,DEN,Ron Torbert,20,385,55,6,0,3,2,-1,90,0,0
914,11/19/2023,11,CHI,DET,Scott Novak,26,334,69,6,0,-3,1,-5,-4,0,0
915,11/19/2023,11,LAC,GB,John Hussey,20,394,54,4,0,1,-3,-3,-3,0,0
916,11/19/2023,11,ARI,HOU,Alex Kemp,16,319,50,5,0,-1,2,-5,-100,0,0
917,11/19/2023,11,TEN,JAX,Brad Rogers,14,235,66,7,0,2,3,-20,-154,0,0
918,11/19/2023,11,SEA,LAR,Carl Cheffers,16,291,130,12,0,0,3,-1,24,0,0
919,11/19/2023,11,LV,MIA,Bill Vinovich,13,296,41,5,0,0,0,-7,-126,0,0
920,11/19/2023,11,TB,SF,Craig Wrolstad,14,287,19,3,0,2,-4,-13,-133,0,0
921,11/2/2023,9,TEN,PIT,John Hussey,16,340,51,7,0,1,-3,-4,14,0,0
922,11/20/2022,11,CHI,ATL,Tra Blake,24,288,56,7,0,-1,5,-3,8,0,0
923,11/20/2022,11,CAR,BAL,Jerome Boger,3,205,66,9,0,2,-1,-10,-103,0,0
924,11/20/2022,11,CLE,BUF,Adrian Hill,23,396,42,6,0,1,-2,-8,39,0,0
925,11/20/2022,11,NYJ,NE,Carl Cheffers,3,103,15,3,0,0,-5,-7,-194,0,0
926,11/20/2022,11,LAR,NO,Ron Torbert,20,336,55,6,0,0,4,-7,13,0,0
927,11/23/2023,12,WAS,DAL,Bill Vinovich,10,376,25,4,0,1,-3,-35,-55,0,0
928,11/24/2022,12,NYG,DAL,Scott Novak,20,300,66,7,0,-2,-6,-8,-130,0,0
929,11/24/2022,12,NE,MIN,Alex Kemp,26,409,55,6,0,-1,3,-7,51,0,0
930,11/26/2023,12,NO,ATL,Brad Allen,15,444,50,6,0,0,1,-9,48,0,0
931,11/26/2023,12,CLE,DEN,Adrian Hill,12,269,66,8,0,2,0,-17,-25,0,0
932,11/26/2023,12,TB,IND,Clete Blakeman,20,298,24,4,0,1,-1,-7,-96,0,0
933,11/26/2023,12,NE,NYG,Scott Novak,7,283,13,2,0,2,-2,-3,63,0,0
934,11/26/2023,12,BUF,PHI,Shawn Hochuli,34,505,80,11,0,-1,7,-3,127,0,0
935,11/26/2023,12,CAR,TEN,Ron Torbert,10,258,35,4,0,1,-4,-7,-6,0,0
936,11/27/2022,12,DEN,CAR,Clay Martin,10,246,44,4,0,1,0,-13,-103,0,0
937,11/27/2022,12,TB,CLE,Tra Blake,17,325,70,9,0,-1,4,-6,-42,0,0
938,11/27/2022,12,BAL,JAX,Land Clark,27,415,20,3,0,1,-1,-1,83,0,0
939,11/27/2022,12,LAR,KC,Adrian Hill,10,198,25,5,0,0,2,-16,-239,0,0
940,11/27/2022,12,HOU,MIA,Jerome Boger,15,210,45,5,0,2,1,-15,-129,0,0
941,11/27/2022,12,CHI,NYJ,John Hussey,10,292,10,1,0,1,0,-21,-174,0,0
942,11/27/2022,12,GB,PHI,Shawn Smith,33,342,35,4,0,1,1,-7,-158,0,0
943,11/27/2022,12,NO,SF,Shawn Hochuli,0,260,46,6,0,2,-1,-13,-57,0,0
944,11/27/2022,12,ATL,WAS,Brad Rogers,13,332,20,2,0,0,-2,-6,18,0,0
945,11/30/2023,13,SEA,DAL,Clete Blakeman,35,406,130,10,0,1,1,-6,-5,0,0
946,11/5/2023,9,SEA,BAL,Shawn Hochuli,3,151,29,5,0,0,2,-34,-364,0,0
947,11/5/2023,9,BUF,CIN,Alex Kemp,18,317,49,5,0,2,-1,-6,-80,0,0
948,11/5/2023,9,ARI,CLE,Carl Cheffers,0,58,40,4,0,3,-2,-27,-268,0,0
949,11/5/2023,9,LAR,GB,Clete Blakeman,3,187,36,5,0,0,-3,-17,-204,0,0
950,11/5/2023,9,TB,HOU,Land Clark,37,332,90,9,0,0,0,-2,-164,0,0
951,11/5/2023,9,MIA,KC,Clay Martin,14,292,45,6,0,0,-3,-7,25,0,0
952,11/5/2023,9,NYG,LV,Alan Eck,6,277,8,3,0,2,-1,-24,-57,0,0
953,11/5/2023,9,CHI,NO,Ron Torbert,17,368,71,8,0,5,7,-7,67,0,0
954,11/5/2023,9,DAL,PHI,Tra Blake,23,406,83,10,0,1,0,-5,114,0,0
955,11/6/2022,9,CAR,CIN,Alex Kemp,21,228,50,7,0,3,2,-21,-236,0,0
956,11/6/2022,9,GB,DET,Tra Blake,9,389,81,8,0,2,1,-6,135,0,0
957,11/6/2022,9,LV,JAX,Bill Vinovich,20,321,45,5,0,0,1,-7,-82,0,0
958,11/6/2022,9,TEN,KC,Clete Blakeman,17,229,51,8,0,-1,-2,-3,-270,0,0
959,11/6/2022,9,IND,NE,Clay Martin,3,121,15,2,0,0,-2,-23,-82,0,0
960,11/6/2022,9,BUF,NYJ,Land Clark,17,317,30,3,0,1,0,-3,7,0,0
961,11/6/2022,9,LAR,TB,Shawn Hochuli,13,206,53,4,0,0,-3,-3,-117,0,0
962,11/9/2023,10,CAR,CHI,Clete Blakeman,13,213,45,5,0,0,-2,-3,-82,0,0
963,12/10/2023,14,LAR,BAL,Scott Novak,31,410,34,5,0,-1,-2,-6,-39,0,0
964,12/10/2023,14,DET,CHI,Tra Blake,13,267,59,8,0,3,4,-15,-69,0,0
965,12/10/2023,14,IND,CIN,Shawn Hochuli,14,272,66,9,0,1,4,-20,-113,0,0
966,12/10/2023,14,JAX,CLE,Ron Torbert,27,293,40,7,0,1,-1,-4,-96,0,0
967,12/10/2023,14,PHI,DAL,John Hussey,13,324,95,10,0,2,3,-20,-70,0,0
968,12/10/2023,14,CAR,NO,Alan Eck,6,303,27,4,0,1,1,-22,96,0,0
969,12/10/2023,14,HOU,NYJ,Brad Allen,6,135,35,4,0,-1,-4,-24,-212,0,0
970,12/10/2023,14,SEA,SF,Brad Rogers,16,324,39,5,0,0,0,-12,-203,0,0
971,12/11/2022,14,NYJ,BUF,Alex Kemp,12,309,61,7,0,2,2,-8,77,0,0
972,12/11/2022,14,CLE,CIN,Jerome Boger,10,344,98,9,0,0,5,-13,-19,0,0
973,12/11/2022,14,HOU,DAL,John Hussey,23,327,25,4,0,-1,1,-4,-77,0,0
974,12/11/2022,14,MIN,DET,Ron Torbert,23,416,25,3,0,2,-4,-11,-48,0,0
975,12/11/2022,14,MIA,LAC,Scott Novak,17,219,50,6,0,0,0,-6,-213,0,0
976,12/11/2022,14,TB,SF,Brad Allen,7,322,62,8,0,2,6,-28,-82,0,0
977,12/11/2023,14,GB,NYG,Land Clark,22,326,39,4,0,1,-1,-2,-41,0,0
978,12/14/2023,15,LAC,LV,Ron Torbert,21,326,65,6,0,5,2,-42,-52,0,0
979,12/16/2023,15,MIN,CIN,Bill Vinovich,24,424,22,4,0,1,1,-3,46,0,0
980,12/16/2023,15,DEN,DET,John Hussey,17,287,40,4,0,1,2,-25,-161,0,0
981,12/16/2023,15,PIT,IND,Adrian Hill,13,216,101,8,0,3,6,-17,-156,0,0
982,12/17/2022,15,MIA,BUF,Bill Vinovich,29,405,51,8,0,-1,1,-3,-41,0,0
983,12/17/2022,15,BAL,CLE,Brad Allen,3,324,25,3,0,2,0,-10,41,0,0
984,12/17/2022,15,IND,MIN,Tra Blake,36,341,103,11,0,-2,2,-3,-177,0,0
985,12/17/2023,15,DAL,BUF,Craig Wrolstad,10,195,48,5,0,1,4,-21,-156,0,0
986,12/17/2023,15,ATL,CAR,Land Clark,7,204,25,4,0,2,0,-2,-79,0,0
987,12/17/2023,15,CHI,CLE,Brad Allen,17,236,19,4,0,0,-5,-3,-141,0,0
988,12/17/2023,15,WAS,LAR,Alan Eck,20,297,28,3,0,-1,-2,-8,-148,0,0
989,12/17/2023,15,NYJ,MIA,Brad Rogers,0,103,55,7,0,4,-2,-30,-187,0,0
990,12/17/2023,15,NYG,NO,Carl Cheffers,6,193,32,5,0,0,-1,-18,-103,0,0
991,12/18/2022,15,ARI,DEN,Jerome Boger,15,240,46,7,0,1,3,-9,-84,0,0
992,12/18/2022,15,DAL,JAX,Shawn Smith,34,397,18,2,0,-1,-2,-6,-106,0,0
993,12/18/2022,15,TEN,LAC,Land Clark,14,284,62,6,0,-1,3,-3,-81,0,0
994,12/18/2022,15,NE,LV,Ron Torbert,24,318,30,6,0,0,-7,-6,10,0,0
995,12/18/2022,15,ATL,NO,Clete Blakeman,18,320,30,3,0,0,-3,-3,-28,0,0
996,12/18/2023,15,PHI,SEA,Clay Martin,17,321,40,5,0,2,0,-3,24,0,0
997,12/19/2022,15,LAR,GB,Shawn Hochuli,12,156,76,8,0,-1,4,-12,-189,0,0
998,12/21/2023,16,NO,LAR,Brad Rogers,22,339,20,3,0,1,0,-8,-119,0,0
999,12/23/2023,16,CIN,PIT,Craig Wrolstad,11,368,20,3,0,3,1,-23,-29,0,0
1000,12/24/2022,16,ATL,BAL,Bill Vinovich,9,327,48,5,0,1,4,-8,28,0,0
1001,12/24/2022,16,DET,CAR,Shawn Hochuli,23,381,30,4,0,1,-6,-14,-189,0,0
1002,12/24/2022,16,PHI,DAL,Alex Kemp,34,442,10,2,0,3,-2,-6,23,0,0
1003,12/24/2022,16,SEA,KC,Clete Blakeman,10,333,35,6,0,1,1,-14,36,0,0
1004,12/24/2022,16,NYG,MIN,Adrian Hill,24,445,63,7,0,2,5,-3,92,0,0
1005,12/24/2022,16,LV,PIT,Tra Blake,10,201,20,2,0,2,-1,-3,-149,0,0
1006,12/24/2022,16,WAS,SF,Jerome Boger,20,349,51,6,0,1,2,-17,-22,0,0
1007,12/24/2023,16,IND,ATL,Alan Eck,10,262,29,4,0,1,0,-19,-144,0,0
1008,12/24/2023,16,ARI,CHI,John Hussey,16,306,8,2,0,-1,-3,-11,-114,0,0
1009,12/24/2023,16,DAL,MIA,Shawn Hochuli,20,339,38,6,0,1,1,-2,-36,0,0
1010,12/24/2023,16,WAS,NYJ,Clay Martin,28,245,68,8,0,1,-6,-2,-136,0,0
1011,12/24/2023,16,JAX,TB,Brad Allen,12,305,20,2,0,4,-4,-18,-30,0,0
1012,12/25/2022,16,DEN,LAR,Ron Torbert,14,323,55,6,0,4,3,-37,-65,0,0
1013,12/25/2023,16,NYG,PHI,Ron Torbert,25,292,13,3,0,-1,-6,-8,-173,0,0
1014,12/28/2023,17,NYJ,CLE,Alex Kemp,20,360,74,12,0,-1,8,-17,-68,0,0
1015,12/3/2023,13,KC,GB,Brad Allen,19,337,50,5,0,1,-2,-8,-45,0,0
1016,12/3/2023,13,DEN,HOU,Shawn Smith,17,282,8,2,0,3,-6,-5,-71,0,0
1017,12/3/2023,13,CLE,LAR,John Hussey,19,327,86,7,0,1,0,-17,-72,0,0
1018,12/3/2023,13,CAR,TB,Brad Rogers,18,282,62,7,0,0,2,-3,-40,0,0
1019,12/30/2023,17,DET,DAL,Brad Allen,19,420,35,6,0,0,1,-1,36,0,0
1020,12/31/2023,17,MIA,BAL,Clete Blakeman,19,375,37,5,0,2,-2,-37,-116,0,0
1021,12/31/2023,17,NE,BUF,Alex Kemp,21,294,20,2,0,3,-2,-6,13,0,0
1022,12/31/2023,17,ATL,CHI,Adrian Hill,17,307,15,1,0,4,-4,-20,-125,0,0
1023,12/31/2023,17,LAC,DEN,Craig Wrolstad,9,301,48,3,0,1,-4,-7,-12,0,0
1024,12/31/2023,17,TEN,HOU,Scott Novak,3,187,15,3,0,1,2,-23,-125,0,0
1025,12/31/2023,17,LV,IND,Shawn Smith,20,370,54,7,0,0,2,-3,21,0,0
1026,12/31/2023,17,CAR,JAX,Carl Cheffers,0,124,24,3,0,1,2,-26,-193,0,0
1027,12/31/2023,17,CIN,KC,John Hussey,17,263,20,3,0,-1,0,-8,-110,0,0
1028,12/4/2022,13,DEN,BAL,Alex Kemp,9,272,48,4,0,-2,1,-1,-13,0,0
1029,12/4/2022,13,KC,CIN,John Hussey,24,349,35,4,0,1,-2,-3,-82,0,0
1030,12/4/2022,13,IND,DAL,Carl Cheffers,19,309,88,6,0,4,3,-35,-76,0,0
1031,12/4/2022,13,JAX,DET,Jerome Boger,14,266,24,5,0,1,4,-26,-171,0,0
1032,12/4/2022,13,LAC,LV,Craig Wrolstad,20,386,20,4,0,-1,1,-7,-18,0,0
1033,12/4/2022,13,NYJ,MIN,Clete Blakeman,22,486,40,6,0,2,3,-5,199,0,0
1034,12/4/2022,13,TEN,PHI,Adrian Hill,10,209,82,7,0,0,-5,-25,-244,0,0
1035,12/4/2022,13,MIA,SF,Tra Blake,17,308,68,8,0,3,4,-16,-43,0,0
1036,12/5/2022,13,NO,TB,Clay Martin,16,298,84,6,0,-2,2,-1,-52,0,0
1037,12/8/2022,14,LV,LAR,Brad Rogers,16,302,94,7,0,1,0,-1,20,0,0
1038,9/10/2023,1,CAR,ATL,Brad Rogers,10,281,66,9,0,3,3,-14,60,0,0
1039,9/10/2023,1,HOU,BAL,Tra Blake,9,268,88,9,0,-1,-4,-16,3,0,0
1040,9/10/2023,1,CIN,CLE,Clete Blakeman,3,142,20,4,0,-2,-1,-21,-208,0,0
1041,9/10/2023,1,TEN,NO,Ron Torbert,15,285,45,6,0,1,-1,-1,-66,0,0
1042,9/10/2023,1,ARI,WAS,Alan Eck,16,210,122,9,0,-1,1,-4,-38,0,0
1043,9/11/2022,1,SF,CHI,Clay Martin,10,331,99,12,0,1,9,-9,127,0,0
1045,9/11/2022,1,LV,LAC,Shawn Smith,19,320,11,3,0,3,-2,-5,-35,0,0
1046,9/11/2022,1,NE,MIA,John Hussey,7,271,15,3,0,3,-1,-13,-36,0,0
1047,9/11/2022,1,GB,MIN,Bill Vinovich,7,338,10,2,0,2,-1,-16,-57,0,0
1048,9/11/2022,1,JAX,WAS,Tra Blake,22,383,90,13,0,-2,7,-6,-7,0,0
1049,9/11/2023,1,BUF,NYJ,Carl Cheffers,16,314,40,5,0,3,3,-6,25,0,0
1050,9/12/2022,1,DEN,SEA,Clete Blakeman,16,433,106,12,0,1,7,-1,180,0,0
1051,9/14/2023,2,MIN,PHI,Clay Martin,28,374,15,2,0,3,-5,-6,-56,0,0
1052,9/15/2022,2,LAC,KC,John Hussey,24,401,25,3,0,1,-3,-3,82,0,0
1053,9/17/2023,2,GB,ATL,Tra Blake,24,224,40,7,0,-1,1,-1,-222,0,0
1054,9/17/2023,2,LV,BUF,Craig Wrolstad,10,240,30,2,0,3,-2,-28,-210,0,0
1055,9/17/2023,2,NYJ,DAL,Clete Blakeman,10,215,29,5,0,4,-1,-20,-167,0,0
1056,9/17/2023,2,CHI,TB,Bill Vinovich,17,236,28,5,0,2,-2,-10,-201,0,0
1057,9/17/2023,2,LAC,TEN,Alan Eck,24,342,43,4,0,0,-3,-3,1,0,0
1058,9/18/2022,2,CIN,DAL,Brad Allen,17,254,35,7,0,-1,2,-3,-83,0,0
1059,9/18/2022,2,HOU,DEN,Carl Cheffers,9,234,94,8,0,-1,-5,-7,-116,0,0
1060,9/18/2022,2,WAS,DET,Bill Vinovich,27,396,17,2,0,1,1,-9,-29,0,0
1061,9/18/2022,2,CHI,GB,Craig Wrolstad,10,228,50,7,0,0,4,-17,-186,0,0
1062,9/18/2022,2,IND,JAX,Alex Kemp,0,218,30,5,0,3,2,-24,-113,0,0
1063,9/18/2022,2,ATL,LAR,Clay Martin,27,261,29,5,0,0,2,-4,-76,0,0
1064,9/18/2022,2,CAR,NYG,Ron Torbert,16,275,38,5,0,2,-3,-3,10,0,0
1065,9/18/2022,2,SEA,SF,Brad Rogers,7,216,106,10,0,3,9,-20,-157,0,0
1066,9/18/2023,2,CLE,PIT,Ron Torbert,22,408,81,8,0,2,3,-4,153,0,0
1067,9/19/2022,2,TEN,BUF,Shawn Smith,7,187,87,9,0,4,1,-34,-227,0,0
1068,9/19/2022,2,MIN,PHI,Scott Novak,7,264,25,5,0,2,-3,-17,-222,0,0
1069,9/21/2023,3,NYG,SF,Shawn Hochuli,12,150,37,6,0,1,0,-18,-291,0,0
1070,9/22/2022,3,PIT,CLE,Clay Martin,17,308,25,5,0,1,0,-12,-68,0,0
1071,9/24/2023,3,DAL,ARI,Alex Kemp,16,416,107,13,0,1,5,-12,16,0,0
1072,9/24/2023,3,TEN,CLE,Craig Wrolstad,3,94,80,8,0,-1,3,-24,-247,0,0
1073,9/24/2023,3,ATL,DET,Land Clark,6,183,24,4,0,0,-6,-14,-175,0,0
1074,9/24/2023,3,NO,GB,Brad Rogers,17,252,102,7,0,-1,-4,-1,-88,0,0
1075,9/24/2023,3,CHI,KC,Alan Eck,10,203,32,6,0,0,3,-31,-253,0,0
1076,9/24/2023,3,DEN,MIA,Clay Martin,20,363,46,7,0,3,1,-50,-363,0,0
1077,9/24/2023,3,CAR,SEA,Ron Torbert,27,378,82,13,0,-1,5,-10,-47,0,0
1078,9/25/2022,3,NO,CAR,Carl Cheffers,14,426,58,7,0,3,3,-8,133,0,0
1079,9/25/2022,3,HOU,CHI,Clete Blakeman,20,329,25,3,0,0,-3,-3,-34,0,0
1080,9/25/2022,3,SF,DEN,Shawn Hochuli,10,267,40,7,0,3,2,-1,6,0,0
1081,9/25/2022,3,KC,IND,Shawn Smith,17,315,45,6,0,1,2,-3,56,0,0
1082,9/25/2022,3,BUF,MIA,Alex Kemp,19,497,52,7,0,1,3,-2,285,0,0
1083,9/25/2022,3,DET,MIN,John Hussey,24,416,59,7,0,0,4,-4,43,0,0
1084,9/25/2022,3,LV,TEN,Brad Rogers,22,396,44,6,0,0,-1,-2,35,0,0
1085,9/25/2023,3,LAR,CIN,John Hussey,16,292,28,4,0,1,-3,-3,-17,0,0
1086,9/29/2022,4,MIA,CIN,Tra Blake,15,378,41,6,0,2,0,-12,7,0,0
